Copyright 1986-2022 Xilinx, Inc. All Rights Reserved. Copyright 2022-2026 Advanced Micro Devices, Inc. All Rights Reserved.
------------------------------------------------------------------------------------------------------------------------------------------------------------------------------------------------------------------------------
| Tool Version : Vivado v.2026.1 (lin64) Build 6511674 Tue Jun 16 11:01:26 MDT 2026
| Date         : Sun Oct  4 13:29:14 2026
| Host         : localhost.localdomain running 64-bit Rocky Linux 10.2 (Red Quartz)"
RELEASE_TYPE="stable
| Command      : report_timing_summary -max_paths 10 -routable_nets -report_unconstrained -file system_timing_summary_routed.rpt -pb system_timing_summary_routed.pb -rpx system_timing_summary_routed.rpx -warn_on_violation
| Design       : system
| Device       : 7k325t-fbv900
| Speed File   : -3  PRODUCTION 1.12 2017-02-17
| Design State : Routed
------------------------------------------------------------------------------------------------------------------------------------------------------------------------------------------------------------------------------

Timing Summary Report

------------------------------------------------------------------------------------------------
| Timer Settings
| --------------
------------------------------------------------------------------------------------------------

  Enable Multi Corner Analysis               :  Yes
  Enable Pessimism Removal                   :  Yes
  Pessimism Removal Resolution               :  Nearest Common Node
  Enable Input Delay Default Clock           :  No
  Enable Preset / Clear Arcs                 :  No
  Disable Flight Delays                      :  No
  Ignore I/O Paths                           :  No
  Timing Early Launch at Borrowing Latches   :  No
  Borrow Time for Max Delay Exceptions       :  Yes
  Merge Timing Exceptions                    :  Yes
  Inter-SLR Compensation                     :  Conservative

  Corner  Analyze    Analyze    
  Name    Max Paths  Min Paths  
  ------  ---------  ---------  
  Slow    Yes        Yes        
  Fast    Yes        Yes        


------------------------------------------------------------------------------------------------
| Report Methodology
| ------------------
------------------------------------------------------------------------------------------------

Rule       Severity  Description                                                Violations  
---------  --------  ---------------------------------------------------------  ----------  
SYNTH-5    Warning   Mapped onto distributed RAM because of timing constraints  48          
SYNTH-6    Warning   Timing of a RAM block might be sub-optimal                 2           
TIMING-18  Warning   Missing input or output delay                              5           

Note: This report is based on the most recent report_methodology run and may not be up-to-date. Run report_methodology on the current design for the latest report.



check_timing report

Table of Contents
-----------------
1. checking no_clock (0)
2. checking constant_clock (0)
3. checking pulse_width_clock (0)
4. checking unconstrained_internal_endpoints (0)
5. checking no_input_delay (2)
6. checking no_output_delay (3)
7. checking multiple_clock (0)
8. checking generated_clocks (0)
9. checking loops (0)
10. checking partial_input_delay (0)
11. checking partial_output_delay (0)
12. checking latch_loops (0)

1. checking no_clock (0)
------------------------
 There are 0 register/latch pins with no clock.


2. checking constant_clock (0)
------------------------------
 There are 0 register/latch pins with constant_clock.


3. checking pulse_width_clock (0)
---------------------------------
 There are 0 register/latch pins which need pulse_width check


4. checking unconstrained_internal_endpoints (0)
------------------------------------------------
 There are 0 pins that are not constrained for maximum delay.

 There are 0 pins that are not constrained for maximum delay due to constant clock.


5. checking no_input_delay (2)
------------------------------
 There are 2 input ports with no input delay specified. (HIGH)

 There are 0 input ports with no input delay but user has a false path constraint.


6. checking no_output_delay (3)
-------------------------------
 There are 3 ports with no output delay specified. (HIGH)

 There are 0 ports with no output delay but user has a false path constraint

 There are 0 ports with no output delay but with a timing clock defined on it or propagating through it


7. checking multiple_clock (0)
------------------------------
 There are 0 register/latch pins with multiple clocks.


8. checking generated_clocks (0)
--------------------------------
 There are 0 generated clocks that are not connected to a clock source.


9. checking loops (0)
---------------------
 There are 0 combinational loops in the design.


10. checking partial_input_delay (0)
------------------------------------
 There are 0 input ports with partial input delay specified.


11. checking partial_output_delay (0)
-------------------------------------
 There are 0 ports with partial output delay specified.


12. checking latch_loops (0)
----------------------------
 There are 0 combinational latch loops in the design through latch input



------------------------------------------------------------------------------------------------
| Design Timing Summary
| ---------------------
------------------------------------------------------------------------------------------------

    WNS(ns)      TNS(ns)  TNS Failing Endpoints  TNS Total Endpoints      WHS(ns)      THS(ns)  THS Failing Endpoints  THS Total Endpoints     WPWS(ns)     TPWS(ns)  TPWS Failing Endpoints  TPWS Total Endpoints  
    -------      -------  ---------------------  -------------------      -------      -------  ---------------------  -------------------     --------     --------  ----------------------  --------------------  
      0.993        0.000                      0                 6289        0.078        0.000                      0                 6289        2.659        0.000                       0                  1601  


All user specified timing constraints are met.


------------------------------------------------------------------------------------------------
| Clock Summary
| -------------
------------------------------------------------------------------------------------------------

Clock  Waveform(ns)         Period(ns)      Frequency(MHz)
-----  ------------         ----------      --------------
clk    {0.000 3.333}        6.666           150.015         


------------------------------------------------------------------------------------------------
| Intra Clock Table
| -----------------
------------------------------------------------------------------------------------------------

Clock             WNS(ns)      TNS(ns)  TNS Failing Endpoints  TNS Total Endpoints      WHS(ns)      THS(ns)  THS Failing Endpoints  THS Total Endpoints     WPWS(ns)     TPWS(ns)  TPWS Failing Endpoints  TPWS Total Endpoints  
-----             -------      -------  ---------------------  -------------------      -------      -------  ---------------------  -------------------     --------     --------  ----------------------  --------------------  
clk                 0.993        0.000                      0                 6289        0.078        0.000                      0                 6289        2.659        0.000                       0                  1601  


------------------------------------------------------------------------------------------------
| Inter Clock Table
| -----------------
------------------------------------------------------------------------------------------------

From Clock    To Clock          WNS(ns)      TNS(ns)  TNS Failing Endpoints  TNS Total Endpoints      WHS(ns)      THS(ns)  THS Failing Endpoints  THS Total Endpoints  
----------    --------          -------      -------  ---------------------  -------------------      -------      -------  ---------------------  -------------------  


------------------------------------------------------------------------------------------------
| Other Path Groups Table
| -----------------------
------------------------------------------------------------------------------------------------

Path Group    From Clock    To Clock          WNS(ns)      TNS(ns)  TNS Failing Endpoints  TNS Total Endpoints      WHS(ns)      THS(ns)  THS Failing Endpoints  THS Total Endpoints  
----------    ----------    --------          -------      -------  ---------------------  -------------------      -------      -------  ---------------------  -------------------  


------------------------------------------------------------------------------------------------
| User Ignored Path Table
| -----------------------
------------------------------------------------------------------------------------------------

Path Group    From Clock    To Clock    
----------    ----------    --------    


------------------------------------------------------------------------------------------------
| Unconstrained Path Table
| ------------------------
------------------------------------------------------------------------------------------------

Path Group    From Clock    To Clock    
----------    ----------    --------    
(none)        clk                         
(none)                      clk           


------------------------------------------------------------------------------------------------
| Timing Details
| --------------
------------------------------------------------------------------------------------------------


---------------------------------------------------------------------------------------------------
From Clock:  clk
  To Clock:  clk

Setup :            0  Failing Endpoints,  Worst Slack        0.993ns,  Total Violation        0.000ns
Hold  :            0  Failing Endpoints,  Worst Slack        0.078ns,  Total Violation        0.000ns
PW    :            0  Failing Endpoints,  Worst Slack        2.659ns,  Total Violation        0.000ns
---------------------------------------------------------------------------------------------------


Max Delay Paths
--------------------------------------------------------------------------------------
Slack (MET) :             0.993ns  (required time - arrival time)
  Source:                 u_fetch/if_id_inst_reg[0]/C
                            (rising edge-triggered cell FDPE clocked by clk  {rise@0.000ns fall@3.333ns period=6.666ns})
  Destination:            u_fetch/bht_table_reg_0_127_1_1/DP.HIGH/I
                            (rising edge-triggered cell RAMD64E clocked by clk  {rise@0.000ns fall@3.333ns period=6.666ns})
  Path Group:             clk
  Path Type:              Setup (Max at Slow Process Corner)
  Requirement:            6.666ns  (clk rise@6.666ns - clk rise@0.000ns)
  Data Path Delay:        5.168ns  (logic 1.001ns (19.369%)  route 4.167ns (80.631%))
  Logic Levels:           13  (CARRY4=4 LUT4=2 LUT5=2 LUT6=5)
  Clock Path Skew:        -0.025ns (DCD - SCD + CPR)
    Destination Clock Delay (DCD):    4.509ns = ( 11.175 - 6.666 ) 
    Source Clock Delay      (SCD):    4.823ns
    Clock Pessimism Removal (CPR):    0.289ns
  Clock Uncertainty:      0.035ns  ((TSJ^2 + TIJ^2)^1/2 + DJ) / 2 + PE
    Total System Jitter     (TSJ):    0.071ns
    Total Input Jitter      (TIJ):    0.000ns
    Discrete Jitter          (DJ):    0.000ns
    Phase Error              (PE):    0.000ns

    Location             Delay type                Incr(ns)  Path(ns)    Netlist Resource(s)
  -------------------------------------------------------------------    -------------------
                         (clock clk rise edge)        0.000     0.000 r  <hidden>
    AE23                                              0.000     0.000 r  clk
                         net (fo=0)                   0.000     0.000    clk
    AE23                 IBUF (Prop_ibuf_I_O)         0.710     0.710 r  clk_IBUF_inst/O
                         net (fo=1, routed)           2.413     3.123    clk_IBUF
    BUFGCTRL_X0Y0        BUFG (Prop_bufg_I_O)         0.080     3.203 r  clk_IBUF_BUFG_inst/O
                         net (fo=1600, routed)        1.620     4.823    u_fetch/clk
    SLICE_X41Y13         FDPE                                         r  u_fetch/if_id_inst_reg[0]/C
  -------------------------------------------------------------------    -------------------
    SLICE_X41Y13         FDPE (Prop_fdpe_C_Q)         0.216     5.039 r  u_fetch/if_id_inst_reg[0]/Q
                         net (fo=5, routed)           0.429     5.468    u_regfile/if_id_inst[0]
    SLICE_X41Y12         LUT5 (Prop_lut5_I0_O)        0.043     5.511 f  u_regfile/id_mem_write_i_2/O
                         net (fo=10, routed)          0.292     5.803    u_regfile/if_id_inst_reg[0]
    SLICE_X41Y13         LUT4 (Prop_lut4_I3_O)        0.043     5.846 r  u_regfile/registers_reg_r2_0_31_0_5_i_5/O
                         net (fo=38, routed)          0.508     6.354    u_memory/rs2_addr[0]
    SLICE_X41Y10         LUT6 (Prop_lut6_I0_O)        0.043     6.397 r  u_memory/id_ex_rs2_data[31]_i_8/O
                         net (fo=2, routed)           0.258     6.654    u_memory/id_ex_rs2_data[31]_i_8_n_0
    SLICE_X43Y10         LUT6 (Prop_lut6_I2_O)        0.043     6.697 r  u_memory/id_ex_rs2_data[30]_i_3/O
                         net (fo=23, routed)          0.423     7.121    u_memory/mem_wb_rd_addr_reg[3]_0
    SLICE_X43Y7          LUT6 (Prop_lut6_I2_O)        0.043     7.164 r  u_memory/id_ex_rs2_data[0]_i_2/O
                         net (fo=4, routed)           0.619     7.783    u_execute/lt_carry
    SLICE_X34Y5          LUT4 (Prop_lut4_I0_O)        0.043     7.826 r  u_execute/lt_carry_i_8/O
                         net (fo=1, routed)           0.000     7.826    u_decode/lt_carry__0_0[0]
    SLICE_X34Y5          CARRY4 (Prop_carry4_S[0]_CO[3])
                                                      0.251     8.077 r  u_decode/lt_carry/CO[3]
                         net (fo=1, routed)           0.000     8.077    u_decode/lt_carry_n_0
    SLICE_X34Y6          CARRY4 (Prop_carry4_CI_CO[3])
                                                      0.049     8.126 r  u_decode/lt_carry__0/CO[3]
                         net (fo=1, routed)           0.000     8.126    u_decode/lt_carry__0_n_0
    SLICE_X34Y7          CARRY4 (Prop_carry4_CI_CO[3])
                                                      0.049     8.175 r  u_decode/lt_carry__1/CO[3]
                         net (fo=1, routed)           0.000     8.175    u_decode/lt_carry__1_n_0
    SLICE_X34Y8          CARRY4 (Prop_carry4_CI_CO[3])
                                                      0.049     8.224 r  u_decode/lt_carry__2/CO[3]
                         net (fo=1, routed)           0.446     8.670    u_execute/u_fetch_i_7_0[0]
    SLICE_X34Y11         LUT5 (Prop_lut5_I1_O)        0.043     8.713 f  u_execute/u_fetch_i_12/O
                         net (fo=1, routed)           0.216     8.928    u_execute/u_fetch_i_12_n_0
    SLICE_X34Y12         LUT6 (Prop_lut6_I0_O)        0.043     8.971 r  u_execute/u_fetch_i_7/O
                         net (fo=35, routed)          0.489     9.460    u_fetch/actual_branch_taken
    SLICE_X24Y18         LUT6 (Prop_lut6_I4_O)        0.043     9.503 r  u_fetch/bht_table_reg_0_127_1_1_i_1/O
                         net (fo=8, routed)           0.487     9.991    u_fetch/bht_table_reg_0_127_1_1/D
    SLICE_X38Y16         RAMD64E                                      r  u_fetch/bht_table_reg_0_127_1_1/DP.HIGH/I
  -------------------------------------------------------------------    -------------------

                         (clock clk rise edge)        6.666     6.666 r  <hidden>
    AE23                                              0.000     6.666 r  clk
                         net (fo=0)                   0.000     6.666    clk
    AE23                 IBUF (Prop_ibuf_I_O)         0.635     7.301 r  clk_IBUF_inst/O
                         net (fo=1, routed)           2.314     9.615    clk_IBUF
    BUFGCTRL_X0Y0        BUFG (Prop_bufg_I_O)         0.072     9.687 r  clk_IBUF_BUFG_inst/O
                         net (fo=1600, routed)        1.488    11.175    u_fetch/bht_table_reg_0_127_1_1/WCLK
    SLICE_X38Y16         RAMD64E                                      r  u_fetch/bht_table_reg_0_127_1_1/DP.HIGH/CLK
                         clock pessimism              0.289    11.464    <hidden>
                         clock uncertainty           -0.035    11.428    <hidden>
    SLICE_X38Y16         RAMD64E (Setup_ramd64e_CLK_I)
                                                     -0.445    10.983    u_fetch/bht_table_reg_0_127_1_1/DP.HIGH
  -------------------------------------------------------------------
                         required time                         10.983    <hidden>
                         arrival time                          -9.991    <hidden>
  -------------------------------------------------------------------
                         slack                                  0.993    <hidden>

Slack (MET) :             0.998ns  (required time - arrival time)
  Source:                 u_fetch/if_id_inst_reg[0]/C
                            (rising edge-triggered cell FDPE clocked by clk  {rise@0.000ns fall@3.333ns period=6.666ns})
  Destination:            u_fetch/bht_table_reg_128_255_0_0/DP.HIGH/I
                            (rising edge-triggered cell RAMD64E clocked by clk  {rise@0.000ns fall@3.333ns period=6.666ns})
  Path Group:             clk
  Path Type:              Setup (Max at Slow Process Corner)
  Requirement:            6.666ns  (clk rise@6.666ns - clk rise@0.000ns)
  Data Path Delay:        5.147ns  (logic 1.001ns (19.449%)  route 4.146ns (80.551%))
  Logic Levels:           13  (CARRY4=4 LUT4=2 LUT5=2 LUT6=5)
  Clock Path Skew:        -0.041ns (DCD - SCD + CPR)
    Destination Clock Delay (DCD):    4.515ns = ( 11.181 - 6.666 ) 
    Source Clock Delay      (SCD):    4.823ns
    Clock Pessimism Removal (CPR):    0.267ns
  Clock Uncertainty:      0.035ns  ((TSJ^2 + TIJ^2)^1/2 + DJ) / 2 + PE
    Total System Jitter     (TSJ):    0.071ns
    Total Input Jitter      (TIJ):    0.000ns
    Discrete Jitter          (DJ):    0.000ns
    Phase Error              (PE):    0.000ns

    Location             Delay type                Incr(ns)  Path(ns)    Netlist Resource(s)
  -------------------------------------------------------------------    -------------------
                         (clock clk rise edge)        0.000     0.000 r  <hidden>
    AE23                                              0.000     0.000 r  clk
                         net (fo=0)                   0.000     0.000    clk
    AE23                 IBUF (Prop_ibuf_I_O)         0.710     0.710 r  clk_IBUF_inst/O
                         net (fo=1, routed)           2.413     3.123    clk_IBUF
    BUFGCTRL_X0Y0        BUFG (Prop_bufg_I_O)         0.080     3.203 r  clk_IBUF_BUFG_inst/O
                         net (fo=1600, routed)        1.620     4.823    u_fetch/clk
    SLICE_X41Y13         FDPE                                         r  u_fetch/if_id_inst_reg[0]/C
  -------------------------------------------------------------------    -------------------
    SLICE_X41Y13         FDPE (Prop_fdpe_C_Q)         0.216     5.039 r  u_fetch/if_id_inst_reg[0]/Q
                         net (fo=5, routed)           0.429     5.468    u_regfile/if_id_inst[0]
    SLICE_X41Y12         LUT5 (Prop_lut5_I0_O)        0.043     5.511 f  u_regfile/id_mem_write_i_2/O
                         net (fo=10, routed)          0.292     5.803    u_regfile/if_id_inst_reg[0]
    SLICE_X41Y13         LUT4 (Prop_lut4_I3_O)        0.043     5.846 r  u_regfile/registers_reg_r2_0_31_0_5_i_5/O
                         net (fo=38, routed)          0.508     6.354    u_memory/rs2_addr[0]
    SLICE_X41Y10         LUT6 (Prop_lut6_I0_O)        0.043     6.397 r  u_memory/id_ex_rs2_data[31]_i_8/O
                         net (fo=2, routed)           0.258     6.654    u_memory/id_ex_rs2_data[31]_i_8_n_0
    SLICE_X43Y10         LUT6 (Prop_lut6_I2_O)        0.043     6.697 r  u_memory/id_ex_rs2_data[30]_i_3/O
                         net (fo=23, routed)          0.423     7.121    u_memory/mem_wb_rd_addr_reg[3]_0
    SLICE_X43Y7          LUT6 (Prop_lut6_I2_O)        0.043     7.164 r  u_memory/id_ex_rs2_data[0]_i_2/O
                         net (fo=4, routed)           0.619     7.783    u_execute/lt_carry
    SLICE_X34Y5          LUT4 (Prop_lut4_I0_O)        0.043     7.826 r  u_execute/lt_carry_i_8/O
                         net (fo=1, routed)           0.000     7.826    u_decode/lt_carry__0_0[0]
    SLICE_X34Y5          CARRY4 (Prop_carry4_S[0]_CO[3])
                                                      0.251     8.077 r  u_decode/lt_carry/CO[3]
                         net (fo=1, routed)           0.000     8.077    u_decode/lt_carry_n_0
    SLICE_X34Y6          CARRY4 (Prop_carry4_CI_CO[3])
                                                      0.049     8.126 r  u_decode/lt_carry__0/CO[3]
                         net (fo=1, routed)           0.000     8.126    u_decode/lt_carry__0_n_0
    SLICE_X34Y7          CARRY4 (Prop_carry4_CI_CO[3])
                                                      0.049     8.175 r  u_decode/lt_carry__1/CO[3]
                         net (fo=1, routed)           0.000     8.175    u_decode/lt_carry__1_n_0
    SLICE_X34Y8          CARRY4 (Prop_carry4_CI_CO[3])
                                                      0.049     8.224 r  u_decode/lt_carry__2/CO[3]
                         net (fo=1, routed)           0.446     8.670    u_execute/u_fetch_i_7_0[0]
    SLICE_X34Y11         LUT5 (Prop_lut5_I1_O)        0.043     8.713 f  u_execute/u_fetch_i_12/O
                         net (fo=1, routed)           0.216     8.928    u_execute/u_fetch_i_12_n_0
    SLICE_X34Y12         LUT6 (Prop_lut6_I0_O)        0.043     8.971 r  u_execute/u_fetch_i_7/O
                         net (fo=35, routed)          0.490     9.461    u_fetch/actual_branch_taken
    SLICE_X24Y18         LUT6 (Prop_lut6_I4_O)        0.043     9.504 r  u_fetch/bht_table_reg_0_127_0_0_i_1/O
                         net (fo=8, routed)           0.465     9.969    u_fetch/bht_table_reg_128_255_0_0/D
    SLICE_X22Y21         RAMD64E                                      r  u_fetch/bht_table_reg_128_255_0_0/DP.HIGH/I
  -------------------------------------------------------------------    -------------------

                         (clock clk rise edge)        6.666     6.666 r  <hidden>
    AE23                                              0.000     6.666 r  clk
                         net (fo=0)                   0.000     6.666    clk
    AE23                 IBUF (Prop_ibuf_I_O)         0.635     7.301 r  clk_IBUF_inst/O
                         net (fo=1, routed)           2.314     9.615    clk_IBUF
    BUFGCTRL_X0Y0        BUFG (Prop_bufg_I_O)         0.072     9.687 r  clk_IBUF_BUFG_inst/O
                         net (fo=1600, routed)        1.494    11.181    u_fetch/bht_table_reg_128_255_0_0/WCLK
    SLICE_X22Y21         RAMD64E                                      r  u_fetch/bht_table_reg_128_255_0_0/DP.HIGH/CLK
                         clock pessimism              0.267    11.448    <hidden>
                         clock uncertainty           -0.035    11.412    <hidden>
    SLICE_X22Y21         RAMD64E (Setup_ramd64e_CLK_I)
                                                     -0.445    10.967    u_fetch/bht_table_reg_128_255_0_0/DP.HIGH
  -------------------------------------------------------------------
                         required time                         10.967    <hidden>
                         arrival time                          -9.969    <hidden>
  -------------------------------------------------------------------
                         slack                                  0.998    <hidden>

Slack (MET) :             1.016ns  (required time - arrival time)
  Source:                 u_fetch/if_id_inst_reg[0]/C
                            (rising edge-triggered cell FDPE clocked by clk  {rise@0.000ns fall@3.333ns period=6.666ns})
  Destination:            u_fetch/pc_reg_reg[4]/CE
                            (rising edge-triggered cell FDCE clocked by clk  {rise@0.000ns fall@3.333ns period=6.666ns})
  Path Group:             clk
  Path Type:              Setup (Max at Slow Process Corner)
  Requirement:            6.666ns  (clk rise@6.666ns - clk rise@0.000ns)
  Data Path Delay:        5.299ns  (logic 1.050ns (19.817%)  route 4.249ns (80.183%))
  Logic Levels:           14  (CARRY4=4 LUT2=1 LUT4=2 LUT5=3 LUT6=4)
  Clock Path Skew:        -0.036ns (DCD - SCD + CPR)
    Destination Clock Delay (DCD):    4.520ns = ( 11.186 - 6.666 ) 
    Source Clock Delay      (SCD):    4.823ns
    Clock Pessimism Removal (CPR):    0.267ns
  Clock Uncertainty:      0.035ns  ((TSJ^2 + TIJ^2)^1/2 + DJ) / 2 + PE
    Total System Jitter     (TSJ):    0.071ns
    Total Input Jitter      (TIJ):    0.000ns
    Discrete Jitter          (DJ):    0.000ns
    Phase Error              (PE):    0.000ns

    Location             Delay type                Incr(ns)  Path(ns)    Netlist Resource(s)
  -------------------------------------------------------------------    -------------------
                         (clock clk rise edge)        0.000     0.000 r  <hidden>
    AE23                                              0.000     0.000 r  clk
                         net (fo=0)                   0.000     0.000    clk
    AE23                 IBUF (Prop_ibuf_I_O)         0.710     0.710 r  clk_IBUF_inst/O
                         net (fo=1, routed)           2.413     3.123    clk_IBUF
    BUFGCTRL_X0Y0        BUFG (Prop_bufg_I_O)         0.080     3.203 r  clk_IBUF_BUFG_inst/O
                         net (fo=1600, routed)        1.620     4.823    u_fetch/clk
    SLICE_X41Y13         FDPE                                         r  u_fetch/if_id_inst_reg[0]/C
  -------------------------------------------------------------------    -------------------
    SLICE_X41Y13         FDPE (Prop_fdpe_C_Q)         0.216     5.039 r  u_fetch/if_id_inst_reg[0]/Q
                         net (fo=5, routed)           0.429     5.468    u_regfile/if_id_inst[0]
    SLICE_X41Y12         LUT5 (Prop_lut5_I0_O)        0.043     5.511 f  u_regfile/id_mem_write_i_2/O
                         net (fo=10, routed)          0.292     5.803    u_regfile/if_id_inst_reg[0]
    SLICE_X41Y13         LUT4 (Prop_lut4_I3_O)        0.043     5.846 r  u_regfile/registers_reg_r2_0_31_0_5_i_5/O
                         net (fo=38, routed)          0.508     6.354    u_memory/rs2_addr[0]
    SLICE_X41Y10         LUT6 (Prop_lut6_I0_O)        0.043     6.397 r  u_memory/id_ex_rs2_data[31]_i_8/O
                         net (fo=2, routed)           0.258     6.654    u_memory/id_ex_rs2_data[31]_i_8_n_0
    SLICE_X43Y10         LUT6 (Prop_lut6_I2_O)        0.043     6.697 r  u_memory/id_ex_rs2_data[30]_i_3/O
                         net (fo=23, routed)          0.423     7.121    u_memory/mem_wb_rd_addr_reg[3]_0
    SLICE_X43Y7          LUT6 (Prop_lut6_I2_O)        0.043     7.164 r  u_memory/id_ex_rs2_data[0]_i_2/O
                         net (fo=4, routed)           0.619     7.783    u_execute/lt_carry
    SLICE_X34Y5          LUT4 (Prop_lut4_I0_O)        0.043     7.826 r  u_execute/lt_carry_i_8/O
                         net (fo=1, routed)           0.000     7.826    u_decode/lt_carry__0_0[0]
    SLICE_X34Y5          CARRY4 (Prop_carry4_S[0]_CO[3])
                                                      0.251     8.077 r  u_decode/lt_carry/CO[3]
                         net (fo=1, routed)           0.000     8.077    u_decode/lt_carry_n_0
    SLICE_X34Y6          CARRY4 (Prop_carry4_CI_CO[3])
                                                      0.049     8.126 r  u_decode/lt_carry__0/CO[3]
                         net (fo=1, routed)           0.000     8.126    u_decode/lt_carry__0_n_0
    SLICE_X34Y7          CARRY4 (Prop_carry4_CI_CO[3])
                                                      0.049     8.175 r  u_decode/lt_carry__1/CO[3]
                         net (fo=1, routed)           0.000     8.175    u_decode/lt_carry__1_n_0
    SLICE_X34Y8          CARRY4 (Prop_carry4_CI_CO[3])
                                                      0.049     8.224 r  u_decode/lt_carry__2/CO[3]
                         net (fo=1, routed)           0.446     8.670    u_execute/u_fetch_i_7_0[0]
    SLICE_X34Y11         LUT5 (Prop_lut5_I1_O)        0.043     8.713 f  u_execute/u_fetch_i_12/O
                         net (fo=1, routed)           0.216     8.928    u_execute/u_fetch_i_12_n_0
    SLICE_X34Y12         LUT6 (Prop_lut6_I0_O)        0.043     8.971 r  u_execute/u_fetch_i_7/O
                         net (fo=35, routed)          0.303     9.274    u_dcache/pc_reg_reg[2]_rep__0_1
    SLICE_X33Y13         LUT5 (Prop_lut5_I3_O)        0.043     9.317 r  u_dcache/u_fetch_i_2/O
                         net (fo=113, routed)         0.273     9.590    u_fetch/actual_mispredict
    SLICE_X32Y13         LUT2 (Prop_lut2_I0_O)        0.049     9.639 r  u_fetch/pc_reg[31]_i_1/O
                         net (fo=45, routed)          0.482    10.121    u_fetch/p_0_in
    SLICE_X28Y9          FDCE                                         r  u_fetch/pc_reg_reg[4]/CE
  -------------------------------------------------------------------    -------------------

                         (clock clk rise edge)        6.666     6.666 r  <hidden>
    AE23                                              0.000     6.666 r  clk
                         net (fo=0)                   0.000     6.666    clk
    AE23                 IBUF (Prop_ibuf_I_O)         0.635     7.301 r  clk_IBUF_inst/O
                         net (fo=1, routed)           2.314     9.615    clk_IBUF
    BUFGCTRL_X0Y0        BUFG (Prop_bufg_I_O)         0.072     9.687 r  clk_IBUF_BUFG_inst/O
                         net (fo=1600, routed)        1.499    11.186    u_fetch/clk
    SLICE_X28Y9          FDCE                                         r  u_fetch/pc_reg_reg[4]/C
                         clock pessimism              0.267    11.453    <hidden>
                         clock uncertainty           -0.035    11.417    <hidden>
    SLICE_X28Y9          FDCE (Setup_fdce_C_CE)      -0.280    11.137    u_fetch/pc_reg_reg[4]
  -------------------------------------------------------------------
                         required time                         11.137    <hidden>
                         arrival time                         -10.121    <hidden>
  -------------------------------------------------------------------
                         slack                                  1.016    <hidden>

Slack (MET) :             1.016ns  (required time - arrival time)
  Source:                 u_fetch/if_id_inst_reg[0]/C
                            (rising edge-triggered cell FDPE clocked by clk  {rise@0.000ns fall@3.333ns period=6.666ns})
  Destination:            u_fetch/pc_reg_reg[4]_rep__0/CE
                            (rising edge-triggered cell FDCE clocked by clk  {rise@0.000ns fall@3.333ns period=6.666ns})
  Path Group:             clk
  Path Type:              Setup (Max at Slow Process Corner)
  Requirement:            6.666ns  (clk rise@6.666ns - clk rise@0.000ns)
  Data Path Delay:        5.299ns  (logic 1.050ns (19.817%)  route 4.249ns (80.183%))
  Logic Levels:           14  (CARRY4=4 LUT2=1 LUT4=2 LUT5=3 LUT6=4)
  Clock Path Skew:        -0.036ns (DCD - SCD + CPR)
    Destination Clock Delay (DCD):    4.520ns = ( 11.186 - 6.666 ) 
    Source Clock Delay      (SCD):    4.823ns
    Clock Pessimism Removal (CPR):    0.267ns
  Clock Uncertainty:      0.035ns  ((TSJ^2 + TIJ^2)^1/2 + DJ) / 2 + PE
    Total System Jitter     (TSJ):    0.071ns
    Total Input Jitter      (TIJ):    0.000ns
    Discrete Jitter          (DJ):    0.000ns
    Phase Error              (PE):    0.000ns

    Location             Delay type                Incr(ns)  Path(ns)    Netlist Resource(s)
  -------------------------------------------------------------------    -------------------
                         (clock clk rise edge)        0.000     0.000 r  <hidden>
    AE23                                              0.000     0.000 r  clk
                         net (fo=0)                   0.000     0.000    clk
    AE23                 IBUF (Prop_ibuf_I_O)         0.710     0.710 r  clk_IBUF_inst/O
                         net (fo=1, routed)           2.413     3.123    clk_IBUF
    BUFGCTRL_X0Y0        BUFG (Prop_bufg_I_O)         0.080     3.203 r  clk_IBUF_BUFG_inst/O
                         net (fo=1600, routed)        1.620     4.823    u_fetch/clk
    SLICE_X41Y13         FDPE                                         r  u_fetch/if_id_inst_reg[0]/C
  -------------------------------------------------------------------    -------------------
    SLICE_X41Y13         FDPE (Prop_fdpe_C_Q)         0.216     5.039 r  u_fetch/if_id_inst_reg[0]/Q
                         net (fo=5, routed)           0.429     5.468    u_regfile/if_id_inst[0]
    SLICE_X41Y12         LUT5 (Prop_lut5_I0_O)        0.043     5.511 f  u_regfile/id_mem_write_i_2/O
                         net (fo=10, routed)          0.292     5.803    u_regfile/if_id_inst_reg[0]
    SLICE_X41Y13         LUT4 (Prop_lut4_I3_O)        0.043     5.846 r  u_regfile/registers_reg_r2_0_31_0_5_i_5/O
                         net (fo=38, routed)          0.508     6.354    u_memory/rs2_addr[0]
    SLICE_X41Y10         LUT6 (Prop_lut6_I0_O)        0.043     6.397 r  u_memory/id_ex_rs2_data[31]_i_8/O
                         net (fo=2, routed)           0.258     6.654    u_memory/id_ex_rs2_data[31]_i_8_n_0
    SLICE_X43Y10         LUT6 (Prop_lut6_I2_O)        0.043     6.697 r  u_memory/id_ex_rs2_data[30]_i_3/O
                         net (fo=23, routed)          0.423     7.121    u_memory/mem_wb_rd_addr_reg[3]_0
    SLICE_X43Y7          LUT6 (Prop_lut6_I2_O)        0.043     7.164 r  u_memory/id_ex_rs2_data[0]_i_2/O
                         net (fo=4, routed)           0.619     7.783    u_execute/lt_carry
    SLICE_X34Y5          LUT4 (Prop_lut4_I0_O)        0.043     7.826 r  u_execute/lt_carry_i_8/O
                         net (fo=1, routed)           0.000     7.826    u_decode/lt_carry__0_0[0]
    SLICE_X34Y5          CARRY4 (Prop_carry4_S[0]_CO[3])
                                                      0.251     8.077 r  u_decode/lt_carry/CO[3]
                         net (fo=1, routed)           0.000     8.077    u_decode/lt_carry_n_0
    SLICE_X34Y6          CARRY4 (Prop_carry4_CI_CO[3])
                                                      0.049     8.126 r  u_decode/lt_carry__0/CO[3]
                         net (fo=1, routed)           0.000     8.126    u_decode/lt_carry__0_n_0
    SLICE_X34Y7          CARRY4 (Prop_carry4_CI_CO[3])
                                                      0.049     8.175 r  u_decode/lt_carry__1/CO[3]
                         net (fo=1, routed)           0.000     8.175    u_decode/lt_carry__1_n_0
    SLICE_X34Y8          CARRY4 (Prop_carry4_CI_CO[3])
                                                      0.049     8.224 r  u_decode/lt_carry__2/CO[3]
                         net (fo=1, routed)           0.446     8.670    u_execute/u_fetch_i_7_0[0]
    SLICE_X34Y11         LUT5 (Prop_lut5_I1_O)        0.043     8.713 f  u_execute/u_fetch_i_12/O
                         net (fo=1, routed)           0.216     8.928    u_execute/u_fetch_i_12_n_0
    SLICE_X34Y12         LUT6 (Prop_lut6_I0_O)        0.043     8.971 r  u_execute/u_fetch_i_7/O
                         net (fo=35, routed)          0.303     9.274    u_dcache/pc_reg_reg[2]_rep__0_1
    SLICE_X33Y13         LUT5 (Prop_lut5_I3_O)        0.043     9.317 r  u_dcache/u_fetch_i_2/O
                         net (fo=113, routed)         0.273     9.590    u_fetch/actual_mispredict
    SLICE_X32Y13         LUT2 (Prop_lut2_I0_O)        0.049     9.639 r  u_fetch/pc_reg[31]_i_1/O
                         net (fo=45, routed)          0.482    10.121    u_fetch/p_0_in
    SLICE_X28Y9          FDCE                                         r  u_fetch/pc_reg_reg[4]_rep__0/CE
  -------------------------------------------------------------------    -------------------

                         (clock clk rise edge)        6.666     6.666 r  <hidden>
    AE23                                              0.000     6.666 r  clk
                         net (fo=0)                   0.000     6.666    clk
    AE23                 IBUF (Prop_ibuf_I_O)         0.635     7.301 r  clk_IBUF_inst/O
                         net (fo=1, routed)           2.314     9.615    clk_IBUF
    BUFGCTRL_X0Y0        BUFG (Prop_bufg_I_O)         0.072     9.687 r  clk_IBUF_BUFG_inst/O
                         net (fo=1600, routed)        1.499    11.186    u_fetch/clk
    SLICE_X28Y9          FDCE                                         r  u_fetch/pc_reg_reg[4]_rep__0/C
                         clock pessimism              0.267    11.453    <hidden>
                         clock uncertainty           -0.035    11.417    <hidden>
    SLICE_X28Y9          FDCE (Setup_fdce_C_CE)      -0.280    11.137    u_fetch/pc_reg_reg[4]_rep__0
  -------------------------------------------------------------------
                         required time                         11.137    <hidden>
                         arrival time                         -10.121    <hidden>
  -------------------------------------------------------------------
                         slack                                  1.016    <hidden>

Slack (MET) :             1.016ns  (required time - arrival time)
  Source:                 u_fetch/if_id_inst_reg[0]/C
                            (rising edge-triggered cell FDPE clocked by clk  {rise@0.000ns fall@3.333ns period=6.666ns})
  Destination:            u_fetch/pc_reg_reg[4]_rep__1/CE
                            (rising edge-triggered cell FDCE clocked by clk  {rise@0.000ns fall@3.333ns period=6.666ns})
  Path Group:             clk
  Path Type:              Setup (Max at Slow Process Corner)
  Requirement:            6.666ns  (clk rise@6.666ns - clk rise@0.000ns)
  Data Path Delay:        5.299ns  (logic 1.050ns (19.817%)  route 4.249ns (80.183%))
  Logic Levels:           14  (CARRY4=4 LUT2=1 LUT4=2 LUT5=3 LUT6=4)
  Clock Path Skew:        -0.036ns (DCD - SCD + CPR)
    Destination Clock Delay (DCD):    4.520ns = ( 11.186 - 6.666 ) 
    Source Clock Delay      (SCD):    4.823ns
    Clock Pessimism Removal (CPR):    0.267ns
  Clock Uncertainty:      0.035ns  ((TSJ^2 + TIJ^2)^1/2 + DJ) / 2 + PE
    Total System Jitter     (TSJ):    0.071ns
    Total Input Jitter      (TIJ):    0.000ns
    Discrete Jitter          (DJ):    0.000ns
    Phase Error              (PE):    0.000ns

    Location             Delay type                Incr(ns)  Path(ns)    Netlist Resource(s)
  -------------------------------------------------------------------    -------------------
                         (clock clk rise edge)        0.000     0.000 r  <hidden>
    AE23                                              0.000     0.000 r  clk
                         net (fo=0)                   0.000     0.000    clk
    AE23                 IBUF (Prop_ibuf_I_O)         0.710     0.710 r  clk_IBUF_inst/O
                         net (fo=1, routed)           2.413     3.123    clk_IBUF
    BUFGCTRL_X0Y0        BUFG (Prop_bufg_I_O)         0.080     3.203 r  clk_IBUF_BUFG_inst/O
                         net (fo=1600, routed)        1.620     4.823    u_fetch/clk
    SLICE_X41Y13         FDPE                                         r  u_fetch/if_id_inst_reg[0]/C
  -------------------------------------------------------------------    -------------------
    SLICE_X41Y13         FDPE (Prop_fdpe_C_Q)         0.216     5.039 r  u_fetch/if_id_inst_reg[0]/Q
                         net (fo=5, routed)           0.429     5.468    u_regfile/if_id_inst[0]
    SLICE_X41Y12         LUT5 (Prop_lut5_I0_O)        0.043     5.511 f  u_regfile/id_mem_write_i_2/O
                         net (fo=10, routed)          0.292     5.803    u_regfile/if_id_inst_reg[0]
    SLICE_X41Y13         LUT4 (Prop_lut4_I3_O)        0.043     5.846 r  u_regfile/registers_reg_r2_0_31_0_5_i_5/O
                         net (fo=38, routed)          0.508     6.354    u_memory/rs2_addr[0]
    SLICE_X41Y10         LUT6 (Prop_lut6_I0_O)        0.043     6.397 r  u_memory/id_ex_rs2_data[31]_i_8/O
                         net (fo=2, routed)           0.258     6.654    u_memory/id_ex_rs2_data[31]_i_8_n_0
    SLICE_X43Y10         LUT6 (Prop_lut6_I2_O)        0.043     6.697 r  u_memory/id_ex_rs2_data[30]_i_3/O
                         net (fo=23, routed)          0.423     7.121    u_memory/mem_wb_rd_addr_reg[3]_0
    SLICE_X43Y7          LUT6 (Prop_lut6_I2_O)        0.043     7.164 r  u_memory/id_ex_rs2_data[0]_i_2/O
                         net (fo=4, routed)           0.619     7.783    u_execute/lt_carry
    SLICE_X34Y5          LUT4 (Prop_lut4_I0_O)        0.043     7.826 r  u_execute/lt_carry_i_8/O
                         net (fo=1, routed)           0.000     7.826    u_decode/lt_carry__0_0[0]
    SLICE_X34Y5          CARRY4 (Prop_carry4_S[0]_CO[3])
                                                      0.251     8.077 r  u_decode/lt_carry/CO[3]
                         net (fo=1, routed)           0.000     8.077    u_decode/lt_carry_n_0
    SLICE_X34Y6          CARRY4 (Prop_carry4_CI_CO[3])
                                                      0.049     8.126 r  u_decode/lt_carry__0/CO[3]
                         net (fo=1, routed)           0.000     8.126    u_decode/lt_carry__0_n_0
    SLICE_X34Y7          CARRY4 (Prop_carry4_CI_CO[3])
                                                      0.049     8.175 r  u_decode/lt_carry__1/CO[3]
                         net (fo=1, routed)           0.000     8.175    u_decode/lt_carry__1_n_0
    SLICE_X34Y8          CARRY4 (Prop_carry4_CI_CO[3])
                                                      0.049     8.224 r  u_decode/lt_carry__2/CO[3]
                         net (fo=1, routed)           0.446     8.670    u_execute/u_fetch_i_7_0[0]
    SLICE_X34Y11         LUT5 (Prop_lut5_I1_O)        0.043     8.713 f  u_execute/u_fetch_i_12/O
                         net (fo=1, routed)           0.216     8.928    u_execute/u_fetch_i_12_n_0
    SLICE_X34Y12         LUT6 (Prop_lut6_I0_O)        0.043     8.971 r  u_execute/u_fetch_i_7/O
                         net (fo=35, routed)          0.303     9.274    u_dcache/pc_reg_reg[2]_rep__0_1
    SLICE_X33Y13         LUT5 (Prop_lut5_I3_O)        0.043     9.317 r  u_dcache/u_fetch_i_2/O
                         net (fo=113, routed)         0.273     9.590    u_fetch/actual_mispredict
    SLICE_X32Y13         LUT2 (Prop_lut2_I0_O)        0.049     9.639 r  u_fetch/pc_reg[31]_i_1/O
                         net (fo=45, routed)          0.482    10.121    u_fetch/p_0_in
    SLICE_X28Y9          FDCE                                         r  u_fetch/pc_reg_reg[4]_rep__1/CE
  -------------------------------------------------------------------    -------------------

                         (clock clk rise edge)        6.666     6.666 r  <hidden>
    AE23                                              0.000     6.666 r  clk
                         net (fo=0)                   0.000     6.666    clk
    AE23                 IBUF (Prop_ibuf_I_O)         0.635     7.301 r  clk_IBUF_inst/O
                         net (fo=1, routed)           2.314     9.615    clk_IBUF
    BUFGCTRL_X0Y0        BUFG (Prop_bufg_I_O)         0.072     9.687 r  clk_IBUF_BUFG_inst/O
                         net (fo=1600, routed)        1.499    11.186    u_fetch/clk
    SLICE_X28Y9          FDCE                                         r  u_fetch/pc_reg_reg[4]_rep__1/C
                         clock pessimism              0.267    11.453    <hidden>
                         clock uncertainty           -0.035    11.417    <hidden>
    SLICE_X28Y9          FDCE (Setup_fdce_C_CE)      -0.280    11.137    u_fetch/pc_reg_reg[4]_rep__1
  -------------------------------------------------------------------
                         required time                         11.137    <hidden>
                         arrival time                         -10.121    <hidden>
  -------------------------------------------------------------------
                         slack                                  1.016    <hidden>

Slack (MET) :             1.037ns  (required time - arrival time)
  Source:                 u_fetch/if_id_inst_reg[0]/C
                            (rising edge-triggered cell FDPE clocked by clk  {rise@0.000ns fall@3.333ns period=6.666ns})
  Destination:            u_fetch/bht_table_reg_128_255_1_1/DP.HIGH/I
                            (rising edge-triggered cell RAMD64E clocked by clk  {rise@0.000ns fall@3.333ns period=6.666ns})
  Path Group:             clk
  Path Type:              Setup (Max at Slow Process Corner)
  Requirement:            6.666ns  (clk rise@6.666ns - clk rise@0.000ns)
  Data Path Delay:        5.123ns  (logic 1.001ns (19.541%)  route 4.122ns (80.459%))
  Logic Levels:           13  (CARRY4=4 LUT4=2 LUT5=2 LUT6=5)
  Clock Path Skew:        -0.026ns (DCD - SCD + CPR)
    Destination Clock Delay (DCD):    4.508ns = ( 11.174 - 6.666 ) 
    Source Clock Delay      (SCD):    4.823ns
    Clock Pessimism Removal (CPR):    0.289ns
  Clock Uncertainty:      0.035ns  ((TSJ^2 + TIJ^2)^1/2 + DJ) / 2 + PE
    Total System Jitter     (TSJ):    0.071ns
    Total Input Jitter      (TIJ):    0.000ns
    Discrete Jitter          (DJ):    0.000ns
    Phase Error              (PE):    0.000ns

    Location             Delay type                Incr(ns)  Path(ns)    Netlist Resource(s)
  -------------------------------------------------------------------    -------------------
                         (clock clk rise edge)        0.000     0.000 r  <hidden>
    AE23                                              0.000     0.000 r  clk
                         net (fo=0)                   0.000     0.000    clk
    AE23                 IBUF (Prop_ibuf_I_O)         0.710     0.710 r  clk_IBUF_inst/O
                         net (fo=1, routed)           2.413     3.123    clk_IBUF
    BUFGCTRL_X0Y0        BUFG (Prop_bufg_I_O)         0.080     3.203 r  clk_IBUF_BUFG_inst/O
                         net (fo=1600, routed)        1.620     4.823    u_fetch/clk
    SLICE_X41Y13         FDPE                                         r  u_fetch/if_id_inst_reg[0]/C
  -------------------------------------------------------------------    -------------------
    SLICE_X41Y13         FDPE (Prop_fdpe_C_Q)         0.216     5.039 r  u_fetch/if_id_inst_reg[0]/Q
                         net (fo=5, routed)           0.429     5.468    u_regfile/if_id_inst[0]
    SLICE_X41Y12         LUT5 (Prop_lut5_I0_O)        0.043     5.511 f  u_regfile/id_mem_write_i_2/O
                         net (fo=10, routed)          0.292     5.803    u_regfile/if_id_inst_reg[0]
    SLICE_X41Y13         LUT4 (Prop_lut4_I3_O)        0.043     5.846 r  u_regfile/registers_reg_r2_0_31_0_5_i_5/O
                         net (fo=38, routed)          0.508     6.354    u_memory/rs2_addr[0]
    SLICE_X41Y10         LUT6 (Prop_lut6_I0_O)        0.043     6.397 r  u_memory/id_ex_rs2_data[31]_i_8/O
                         net (fo=2, routed)           0.258     6.654    u_memory/id_ex_rs2_data[31]_i_8_n_0
    SLICE_X43Y10         LUT6 (Prop_lut6_I2_O)        0.043     6.697 r  u_memory/id_ex_rs2_data[30]_i_3/O
                         net (fo=23, routed)          0.423     7.121    u_memory/mem_wb_rd_addr_reg[3]_0
    SLICE_X43Y7          LUT6 (Prop_lut6_I2_O)        0.043     7.164 r  u_memory/id_ex_rs2_data[0]_i_2/O
                         net (fo=4, routed)           0.619     7.783    u_execute/lt_carry
    SLICE_X34Y5          LUT4 (Prop_lut4_I0_O)        0.043     7.826 r  u_execute/lt_carry_i_8/O
                         net (fo=1, routed)           0.000     7.826    u_decode/lt_carry__0_0[0]
    SLICE_X34Y5          CARRY4 (Prop_carry4_S[0]_CO[3])
                                                      0.251     8.077 r  u_decode/lt_carry/CO[3]
                         net (fo=1, routed)           0.000     8.077    u_decode/lt_carry_n_0
    SLICE_X34Y6          CARRY4 (Prop_carry4_CI_CO[3])
                                                      0.049     8.126 r  u_decode/lt_carry__0/CO[3]
                         net (fo=1, routed)           0.000     8.126    u_decode/lt_carry__0_n_0
    SLICE_X34Y7          CARRY4 (Prop_carry4_CI_CO[3])
                                                      0.049     8.175 r  u_decode/lt_carry__1/CO[3]
                         net (fo=1, routed)           0.000     8.175    u_decode/lt_carry__1_n_0
    SLICE_X34Y8          CARRY4 (Prop_carry4_CI_CO[3])
                                                      0.049     8.224 r  u_decode/lt_carry__2/CO[3]
                         net (fo=1, routed)           0.446     8.670    u_execute/u_fetch_i_7_0[0]
    SLICE_X34Y11         LUT5 (Prop_lut5_I1_O)        0.043     8.713 f  u_execute/u_fetch_i_12/O
                         net (fo=1, routed)           0.216     8.928    u_execute/u_fetch_i_12_n_0
    SLICE_X34Y12         LUT6 (Prop_lut6_I0_O)        0.043     8.971 r  u_execute/u_fetch_i_7/O
                         net (fo=35, routed)          0.489     9.460    u_fetch/actual_branch_taken
    SLICE_X24Y18         LUT6 (Prop_lut6_I4_O)        0.043     9.503 r  u_fetch/bht_table_reg_0_127_1_1_i_1/O
                         net (fo=8, routed)           0.442     9.945    u_fetch/bht_table_reg_128_255_1_1/D
    SLICE_X38Y17         RAMD64E                                      r  u_fetch/bht_table_reg_128_255_1_1/DP.HIGH/I
  -------------------------------------------------------------------    -------------------

                         (clock clk rise edge)        6.666     6.666 r  <hidden>
    AE23                                              0.000     6.666 r  clk
                         net (fo=0)                   0.000     6.666    clk
    AE23                 IBUF (Prop_ibuf_I_O)         0.635     7.301 r  clk_IBUF_inst/O
                         net (fo=1, routed)           2.314     9.615    clk_IBUF
    BUFGCTRL_X0Y0        BUFG (Prop_bufg_I_O)         0.072     9.687 r  clk_IBUF_BUFG_inst/O
                         net (fo=1600, routed)        1.487    11.174    u_fetch/bht_table_reg_128_255_1_1/WCLK
    SLICE_X38Y17         RAMD64E                                      r  u_fetch/bht_table_reg_128_255_1_1/DP.HIGH/CLK
                         clock pessimism              0.289    11.463    <hidden>
                         clock uncertainty           -0.035    11.427    <hidden>
    SLICE_X38Y17         RAMD64E (Setup_ramd64e_CLK_I)
                                                     -0.445    10.982    u_fetch/bht_table_reg_128_255_1_1/DP.HIGH
  -------------------------------------------------------------------
                         required time                         10.982    <hidden>
                         arrival time                          -9.945    <hidden>
  -------------------------------------------------------------------
                         slack                                  1.037    <hidden>

Slack (MET) :             1.058ns  (required time - arrival time)
  Source:                 u_fetch/if_id_inst_reg[0]/C
                            (rising edge-triggered cell FDPE clocked by clk  {rise@0.000ns fall@3.333ns period=6.666ns})
  Destination:            u_fetch/pc_reg_reg[4]/D
                            (rising edge-triggered cell FDCE clocked by clk  {rise@0.000ns fall@3.333ns period=6.666ns})
  Path Group:             clk
  Path Type:              Setup (Max at Slow Process Corner)
  Requirement:            6.666ns  (clk rise@6.666ns - clk rise@0.000ns)
  Data Path Delay:        5.522ns  (logic 1.087ns (19.684%)  route 4.435ns (80.316%))
  Logic Levels:           15  (CARRY4=4 LUT4=3 LUT5=3 LUT6=5)
  Clock Path Skew:        -0.036ns (DCD - SCD + CPR)
    Destination Clock Delay (DCD):    4.520ns = ( 11.186 - 6.666 ) 
    Source Clock Delay      (SCD):    4.823ns
    Clock Pessimism Removal (CPR):    0.267ns
  Clock Uncertainty:      0.035ns  ((TSJ^2 + TIJ^2)^1/2 + DJ) / 2 + PE
    Total System Jitter     (TSJ):    0.071ns
    Total Input Jitter      (TIJ):    0.000ns
    Discrete Jitter          (DJ):    0.000ns
    Phase Error              (PE):    0.000ns

    Location             Delay type                Incr(ns)  Path(ns)    Netlist Resource(s)
  -------------------------------------------------------------------    -------------------
                         (clock clk rise edge)        0.000     0.000 r  <hidden>
    AE23                                              0.000     0.000 r  clk
                         net (fo=0)                   0.000     0.000    clk
    AE23                 IBUF (Prop_ibuf_I_O)         0.710     0.710 r  clk_IBUF_inst/O
                         net (fo=1, routed)           2.413     3.123    clk_IBUF
    BUFGCTRL_X0Y0        BUFG (Prop_bufg_I_O)         0.080     3.203 r  clk_IBUF_BUFG_inst/O
                         net (fo=1600, routed)        1.620     4.823    u_fetch/clk
    SLICE_X41Y13         FDPE                                         r  u_fetch/if_id_inst_reg[0]/C
  -------------------------------------------------------------------    -------------------
    SLICE_X41Y13         FDPE (Prop_fdpe_C_Q)         0.216     5.039 r  u_fetch/if_id_inst_reg[0]/Q
                         net (fo=5, routed)           0.429     5.468    u_regfile/if_id_inst[0]
    SLICE_X41Y12         LUT5 (Prop_lut5_I0_O)        0.043     5.511 f  u_regfile/id_mem_write_i_2/O
                         net (fo=10, routed)          0.292     5.803    u_regfile/if_id_inst_reg[0]
    SLICE_X41Y13         LUT4 (Prop_lut4_I3_O)        0.043     5.846 r  u_regfile/registers_reg_r2_0_31_0_5_i_5/O
                         net (fo=38, routed)          0.508     6.354    u_memory/rs2_addr[0]
    SLICE_X41Y10         LUT6 (Prop_lut6_I0_O)        0.043     6.397 r  u_memory/id_ex_rs2_data[31]_i_8/O
                         net (fo=2, routed)           0.258     6.654    u_memory/id_ex_rs2_data[31]_i_8_n_0
    SLICE_X43Y10         LUT6 (Prop_lut6_I2_O)        0.043     6.697 r  u_memory/id_ex_rs2_data[30]_i_3/O
                         net (fo=23, routed)          0.423     7.121    u_memory/mem_wb_rd_addr_reg[3]_0
    SLICE_X43Y7          LUT6 (Prop_lut6_I2_O)        0.043     7.164 r  u_memory/id_ex_rs2_data[0]_i_2/O
                         net (fo=4, routed)           0.619     7.783    u_execute/lt_carry
    SLICE_X34Y5          LUT4 (Prop_lut4_I0_O)        0.043     7.826 r  u_execute/lt_carry_i_8/O
                         net (fo=1, routed)           0.000     7.826    u_decode/lt_carry__0_0[0]
    SLICE_X34Y5          CARRY4 (Prop_carry4_S[0]_CO[3])
                                                      0.251     8.077 r  u_decode/lt_carry/CO[3]
                         net (fo=1, routed)           0.000     8.077    u_decode/lt_carry_n_0
    SLICE_X34Y6          CARRY4 (Prop_carry4_CI_CO[3])
                                                      0.049     8.126 r  u_decode/lt_carry__0/CO[3]
                         net (fo=1, routed)           0.000     8.126    u_decode/lt_carry__0_n_0
    SLICE_X34Y7          CARRY4 (Prop_carry4_CI_CO[3])
                                                      0.049     8.175 r  u_decode/lt_carry__1/CO[3]
                         net (fo=1, routed)           0.000     8.175    u_decode/lt_carry__1_n_0
    SLICE_X34Y8          CARRY4 (Prop_carry4_CI_CO[3])
                                                      0.049     8.224 r  u_decode/lt_carry__2/CO[3]
                         net (fo=1, routed)           0.446     8.670    u_execute/u_fetch_i_7_0[0]
    SLICE_X34Y11         LUT5 (Prop_lut5_I1_O)        0.043     8.713 f  u_execute/u_fetch_i_12/O
                         net (fo=1, routed)           0.216     8.928    u_execute/u_fetch_i_12_n_0
    SLICE_X34Y12         LUT6 (Prop_lut6_I0_O)        0.043     8.971 r  u_execute/u_fetch_i_7/O
                         net (fo=35, routed)          0.303     9.274    u_dcache/pc_reg_reg[2]_rep__0_1
    SLICE_X33Y13         LUT5 (Prop_lut5_I3_O)        0.043     9.317 r  u_dcache/u_fetch_i_2/O
                         net (fo=113, routed)         0.485     9.802    u_fetch/actual_mispredict
    SLICE_X27Y9          LUT4 (Prop_lut4_I3_O)        0.043     9.845 r  u_fetch/pc_reg[4]_i_4/O
                         net (fo=4, routed)           0.183    10.029    u_fetch/pc_reg[4]_i_4_n_0
    SLICE_X28Y9          LUT6 (Prop_lut6_I5_O)        0.043    10.072 r  u_fetch/pc_reg[4]_i_1/O
                         net (fo=1, routed)           0.273    10.345    u_fetch/next_pc[4]
    SLICE_X28Y9          FDCE                                         r  u_fetch/pc_reg_reg[4]/D
  -------------------------------------------------------------------    -------------------

                         (clock clk rise edge)        6.666     6.666 r  <hidden>
    AE23                                              0.000     6.666 r  clk
                         net (fo=0)                   0.000     6.666    clk
    AE23                 IBUF (Prop_ibuf_I_O)         0.635     7.301 r  clk_IBUF_inst/O
                         net (fo=1, routed)           2.314     9.615    clk_IBUF
    BUFGCTRL_X0Y0        BUFG (Prop_bufg_I_O)         0.072     9.687 r  clk_IBUF_BUFG_inst/O
                         net (fo=1600, routed)        1.499    11.186    u_fetch/clk
    SLICE_X28Y9          FDCE                                         r  u_fetch/pc_reg_reg[4]/C
                         clock pessimism              0.267    11.453    <hidden>
                         clock uncertainty           -0.035    11.417    <hidden>
    SLICE_X28Y9          FDCE (Setup_fdce_C_D)       -0.015    11.402    u_fetch/pc_reg_reg[4]
  -------------------------------------------------------------------
                         required time                         11.402    <hidden>
                         arrival time                         -10.345    <hidden>
  -------------------------------------------------------------------
                         slack                                  1.058    <hidden>

Slack (MET) :             1.074ns  (required time - arrival time)
  Source:                 u_fetch/if_id_inst_reg[0]/C
                            (rising edge-triggered cell FDPE clocked by clk  {rise@0.000ns fall@3.333ns period=6.666ns})
  Destination:            u_fetch/bht_table_reg_0_127_0_0/DP.HIGH/I
                            (rising edge-triggered cell RAMD64E clocked by clk  {rise@0.000ns fall@3.333ns period=6.666ns})
  Path Group:             clk
  Path Type:              Setup (Max at Slow Process Corner)
  Requirement:            6.666ns  (clk rise@6.666ns - clk rise@0.000ns)
  Data Path Delay:        5.073ns  (logic 1.001ns (19.732%)  route 4.072ns (80.268%))
  Logic Levels:           13  (CARRY4=4 LUT4=2 LUT5=2 LUT6=5)
  Clock Path Skew:        -0.039ns (DCD - SCD + CPR)
    Destination Clock Delay (DCD):    4.517ns = ( 11.183 - 6.666 ) 
    Source Clock Delay      (SCD):    4.823ns
    Clock Pessimism Removal (CPR):    0.267ns
  Clock Uncertainty:      0.035ns  ((TSJ^2 + TIJ^2)^1/2 + DJ) / 2 + PE
    Total System Jitter     (TSJ):    0.071ns
    Total Input Jitter      (TIJ):    0.000ns
    Discrete Jitter          (DJ):    0.000ns
    Phase Error              (PE):    0.000ns

    Location             Delay type                Incr(ns)  Path(ns)    Netlist Resource(s)
  -------------------------------------------------------------------    -------------------
                         (clock clk rise edge)        0.000     0.000 r  <hidden>
    AE23                                              0.000     0.000 r  clk
                         net (fo=0)                   0.000     0.000    clk
    AE23                 IBUF (Prop_ibuf_I_O)         0.710     0.710 r  clk_IBUF_inst/O
                         net (fo=1, routed)           2.413     3.123    clk_IBUF
    BUFGCTRL_X0Y0        BUFG (Prop_bufg_I_O)         0.080     3.203 r  clk_IBUF_BUFG_inst/O
                         net (fo=1600, routed)        1.620     4.823    u_fetch/clk
    SLICE_X41Y13         FDPE                                         r  u_fetch/if_id_inst_reg[0]/C
  -------------------------------------------------------------------    -------------------
    SLICE_X41Y13         FDPE (Prop_fdpe_C_Q)         0.216     5.039 r  u_fetch/if_id_inst_reg[0]/Q
                         net (fo=5, routed)           0.429     5.468    u_regfile/if_id_inst[0]
    SLICE_X41Y12         LUT5 (Prop_lut5_I0_O)        0.043     5.511 f  u_regfile/id_mem_write_i_2/O
                         net (fo=10, routed)          0.292     5.803    u_regfile/if_id_inst_reg[0]
    SLICE_X41Y13         LUT4 (Prop_lut4_I3_O)        0.043     5.846 r  u_regfile/registers_reg_r2_0_31_0_5_i_5/O
                         net (fo=38, routed)          0.508     6.354    u_memory/rs2_addr[0]
    SLICE_X41Y10         LUT6 (Prop_lut6_I0_O)        0.043     6.397 r  u_memory/id_ex_rs2_data[31]_i_8/O
                         net (fo=2, routed)           0.258     6.654    u_memory/id_ex_rs2_data[31]_i_8_n_0
    SLICE_X43Y10         LUT6 (Prop_lut6_I2_O)        0.043     6.697 r  u_memory/id_ex_rs2_data[30]_i_3/O
                         net (fo=23, routed)          0.423     7.121    u_memory/mem_wb_rd_addr_reg[3]_0
    SLICE_X43Y7          LUT6 (Prop_lut6_I2_O)        0.043     7.164 r  u_memory/id_ex_rs2_data[0]_i_2/O
                         net (fo=4, routed)           0.619     7.783    u_execute/lt_carry
    SLICE_X34Y5          LUT4 (Prop_lut4_I0_O)        0.043     7.826 r  u_execute/lt_carry_i_8/O
                         net (fo=1, routed)           0.000     7.826    u_decode/lt_carry__0_0[0]
    SLICE_X34Y5          CARRY4 (Prop_carry4_S[0]_CO[3])
                                                      0.251     8.077 r  u_decode/lt_carry/CO[3]
                         net (fo=1, routed)           0.000     8.077    u_decode/lt_carry_n_0
    SLICE_X34Y6          CARRY4 (Prop_carry4_CI_CO[3])
                                                      0.049     8.126 r  u_decode/lt_carry__0/CO[3]
                         net (fo=1, routed)           0.000     8.126    u_decode/lt_carry__0_n_0
    SLICE_X34Y7          CARRY4 (Prop_carry4_CI_CO[3])
                                                      0.049     8.175 r  u_decode/lt_carry__1/CO[3]
                         net (fo=1, routed)           0.000     8.175    u_decode/lt_carry__1_n_0
    SLICE_X34Y8          CARRY4 (Prop_carry4_CI_CO[3])
                                                      0.049     8.224 r  u_decode/lt_carry__2/CO[3]
                         net (fo=1, routed)           0.446     8.670    u_execute/u_fetch_i_7_0[0]
    SLICE_X34Y11         LUT5 (Prop_lut5_I1_O)        0.043     8.713 f  u_execute/u_fetch_i_12/O
                         net (fo=1, routed)           0.216     8.928    u_execute/u_fetch_i_12_n_0
    SLICE_X34Y12         LUT6 (Prop_lut6_I0_O)        0.043     8.971 r  u_execute/u_fetch_i_7/O
                         net (fo=35, routed)          0.490     9.461    u_fetch/actual_branch_taken
    SLICE_X24Y18         LUT6 (Prop_lut6_I4_O)        0.043     9.504 r  u_fetch/bht_table_reg_0_127_0_0_i_1/O
                         net (fo=8, routed)           0.392     9.895    u_fetch/bht_table_reg_0_127_0_0/D
    SLICE_X22Y20         RAMD64E                                      r  u_fetch/bht_table_reg_0_127_0_0/DP.HIGH/I
  -------------------------------------------------------------------    -------------------

                         (clock clk rise edge)        6.666     6.666 r  <hidden>
    AE23                                              0.000     6.666 r  clk
                         net (fo=0)                   0.000     6.666    clk
    AE23                 IBUF (Prop_ibuf_I_O)         0.635     7.301 r  clk_IBUF_inst/O
                         net (fo=1, routed)           2.314     9.615    clk_IBUF
    BUFGCTRL_X0Y0        BUFG (Prop_bufg_I_O)         0.072     9.687 r  clk_IBUF_BUFG_inst/O
                         net (fo=1600, routed)        1.496    11.183    u_fetch/bht_table_reg_0_127_0_0/WCLK
    SLICE_X22Y20         RAMD64E                                      r  u_fetch/bht_table_reg_0_127_0_0/DP.HIGH/CLK
                         clock pessimism              0.267    11.450    <hidden>
                         clock uncertainty           -0.035    11.414    <hidden>
    SLICE_X22Y20         RAMD64E (Setup_ramd64e_CLK_I)
                                                     -0.445    10.969    u_fetch/bht_table_reg_0_127_0_0/DP.HIGH
  -------------------------------------------------------------------
                         required time                         10.969    <hidden>
                         arrival time                          -9.895    <hidden>
  -------------------------------------------------------------------
                         slack                                  1.074    <hidden>

Slack (MET) :             1.081ns  (required time - arrival time)
  Source:                 u_fetch/if_id_inst_reg[0]/C
                            (rising edge-triggered cell FDPE clocked by clk  {rise@0.000ns fall@3.333ns period=6.666ns})
  Destination:            u_fetch/pc_reg_reg[5]/CE
                            (rising edge-triggered cell FDCE clocked by clk  {rise@0.000ns fall@3.333ns period=6.666ns})
  Path Group:             clk
  Path Type:              Setup (Max at Slow Process Corner)
  Requirement:            6.666ns  (clk rise@6.666ns - clk rise@0.000ns)
  Data Path Delay:        5.236ns  (logic 1.050ns (20.055%)  route 4.186ns (79.945%))
  Logic Levels:           14  (CARRY4=4 LUT2=1 LUT4=2 LUT5=3 LUT6=4)
  Clock Path Skew:        -0.034ns (DCD - SCD + CPR)
    Destination Clock Delay (DCD):    4.522ns = ( 11.188 - 6.666 ) 
    Source Clock Delay      (SCD):    4.823ns
    Clock Pessimism Removal (CPR):    0.267ns
  Clock Uncertainty:      0.035ns  ((TSJ^2 + TIJ^2)^1/2 + DJ) / 2 + PE
    Total System Jitter     (TSJ):    0.071ns
    Total Input Jitter      (TIJ):    0.000ns
    Discrete Jitter          (DJ):    0.000ns
    Phase Error              (PE):    0.000ns

    Location             Delay type                Incr(ns)  Path(ns)    Netlist Resource(s)
  -------------------------------------------------------------------    -------------------
                         (clock clk rise edge)        0.000     0.000 r  <hidden>
    AE23                                              0.000     0.000 r  clk
                         net (fo=0)                   0.000     0.000    clk
    AE23                 IBUF (Prop_ibuf_I_O)         0.710     0.710 r  clk_IBUF_inst/O
                         net (fo=1, routed)           2.413     3.123    clk_IBUF
    BUFGCTRL_X0Y0        BUFG (Prop_bufg_I_O)         0.080     3.203 r  clk_IBUF_BUFG_inst/O
                         net (fo=1600, routed)        1.620     4.823    u_fetch/clk
    SLICE_X41Y13         FDPE                                         r  u_fetch/if_id_inst_reg[0]/C
  -------------------------------------------------------------------    -------------------
    SLICE_X41Y13         FDPE (Prop_fdpe_C_Q)         0.216     5.039 r  u_fetch/if_id_inst_reg[0]/Q
                         net (fo=5, routed)           0.429     5.468    u_regfile/if_id_inst[0]
    SLICE_X41Y12         LUT5 (Prop_lut5_I0_O)        0.043     5.511 f  u_regfile/id_mem_write_i_2/O
                         net (fo=10, routed)          0.292     5.803    u_regfile/if_id_inst_reg[0]
    SLICE_X41Y13         LUT4 (Prop_lut4_I3_O)        0.043     5.846 r  u_regfile/registers_reg_r2_0_31_0_5_i_5/O
                         net (fo=38, routed)          0.508     6.354    u_memory/rs2_addr[0]
    SLICE_X41Y10         LUT6 (Prop_lut6_I0_O)        0.043     6.397 r  u_memory/id_ex_rs2_data[31]_i_8/O
                         net (fo=2, routed)           0.258     6.654    u_memory/id_ex_rs2_data[31]_i_8_n_0
    SLICE_X43Y10         LUT6 (Prop_lut6_I2_O)        0.043     6.697 r  u_memory/id_ex_rs2_data[30]_i_3/O
                         net (fo=23, routed)          0.423     7.121    u_memory/mem_wb_rd_addr_reg[3]_0
    SLICE_X43Y7          LUT6 (Prop_lut6_I2_O)        0.043     7.164 r  u_memory/id_ex_rs2_data[0]_i_2/O
                         net (fo=4, routed)           0.619     7.783    u_execute/lt_carry
    SLICE_X34Y5          LUT4 (Prop_lut4_I0_O)        0.043     7.826 r  u_execute/lt_carry_i_8/O
                         net (fo=1, routed)           0.000     7.826    u_decode/lt_carry__0_0[0]
    SLICE_X34Y5          CARRY4 (Prop_carry4_S[0]_CO[3])
                                                      0.251     8.077 r  u_decode/lt_carry/CO[3]
                         net (fo=1, routed)           0.000     8.077    u_decode/lt_carry_n_0
    SLICE_X34Y6          CARRY4 (Prop_carry4_CI_CO[3])
                                                      0.049     8.126 r  u_decode/lt_carry__0/CO[3]
                         net (fo=1, routed)           0.000     8.126    u_decode/lt_carry__0_n_0
    SLICE_X34Y7          CARRY4 (Prop_carry4_CI_CO[3])
                                                      0.049     8.175 r  u_decode/lt_carry__1/CO[3]
                         net (fo=1, routed)           0.000     8.175    u_decode/lt_carry__1_n_0
    SLICE_X34Y8          CARRY4 (Prop_carry4_CI_CO[3])
                                                      0.049     8.224 r  u_decode/lt_carry__2/CO[3]
                         net (fo=1, routed)           0.446     8.670    u_execute/u_fetch_i_7_0[0]
    SLICE_X34Y11         LUT5 (Prop_lut5_I1_O)        0.043     8.713 f  u_execute/u_fetch_i_12/O
                         net (fo=1, routed)           0.216     8.928    u_execute/u_fetch_i_12_n_0
    SLICE_X34Y12         LUT6 (Prop_lut6_I0_O)        0.043     8.971 r  u_execute/u_fetch_i_7/O
                         net (fo=35, routed)          0.303     9.274    u_dcache/pc_reg_reg[2]_rep__0_1
    SLICE_X33Y13         LUT5 (Prop_lut5_I3_O)        0.043     9.317 r  u_dcache/u_fetch_i_2/O
                         net (fo=113, routed)         0.273     9.590    u_fetch/actual_mispredict
    SLICE_X32Y13         LUT2 (Prop_lut2_I0_O)        0.049     9.639 r  u_fetch/pc_reg[31]_i_1/O
                         net (fo=45, routed)          0.419    10.058    u_fetch/p_0_in
    SLICE_X26Y7          FDCE                                         r  u_fetch/pc_reg_reg[5]/CE
  -------------------------------------------------------------------    -------------------

                         (clock clk rise edge)        6.666     6.666 r  <hidden>
    AE23                                              0.000     6.666 r  clk
                         net (fo=0)                   0.000     6.666    clk
    AE23                 IBUF (Prop_ibuf_I_O)         0.635     7.301 r  clk_IBUF_inst/O
                         net (fo=1, routed)           2.314     9.615    clk_IBUF
    BUFGCTRL_X0Y0        BUFG (Prop_bufg_I_O)         0.072     9.687 r  clk_IBUF_BUFG_inst/O
                         net (fo=1600, routed)        1.501    11.188    u_fetch/clk
    SLICE_X26Y7          FDCE                                         r  u_fetch/pc_reg_reg[5]/C
                         clock pessimism              0.267    11.455    <hidden>
                         clock uncertainty           -0.035    11.419    <hidden>
    SLICE_X26Y7          FDCE (Setup_fdce_C_CE)      -0.280    11.139    u_fetch/pc_reg_reg[5]
  -------------------------------------------------------------------
                         required time                         11.139    <hidden>
                         arrival time                         -10.058    <hidden>
  -------------------------------------------------------------------
                         slack                                  1.081    <hidden>

Slack (MET) :             1.081ns  (required time - arrival time)
  Source:                 u_fetch/if_id_inst_reg[0]/C
                            (rising edge-triggered cell FDPE clocked by clk  {rise@0.000ns fall@3.333ns period=6.666ns})
  Destination:            u_fetch/pc_reg_reg[5]_rep/CE
                            (rising edge-triggered cell FDCE clocked by clk  {rise@0.000ns fall@3.333ns period=6.666ns})
  Path Group:             clk
  Path Type:              Setup (Max at Slow Process Corner)
  Requirement:            6.666ns  (clk rise@6.666ns - clk rise@0.000ns)
  Data Path Delay:        5.236ns  (logic 1.050ns (20.055%)  route 4.186ns (79.945%))
  Logic Levels:           14  (CARRY4=4 LUT2=1 LUT4=2 LUT5=3 LUT6=4)
  Clock Path Skew:        -0.034ns (DCD - SCD + CPR)
    Destination Clock Delay (DCD):    4.522ns = ( 11.188 - 6.666 ) 
    Source Clock Delay      (SCD):    4.823ns
    Clock Pessimism Removal (CPR):    0.267ns
  Clock Uncertainty:      0.035ns  ((TSJ^2 + TIJ^2)^1/2 + DJ) / 2 + PE
    Total System Jitter     (TSJ):    0.071ns
    Total Input Jitter      (TIJ):    0.000ns
    Discrete Jitter          (DJ):    0.000ns
    Phase Error              (PE):    0.000ns

    Location             Delay type                Incr(ns)  Path(ns)    Netlist Resource(s)
  -------------------------------------------------------------------    -------------------
                         (clock clk rise edge)        0.000     0.000 r  <hidden>
    AE23                                              0.000     0.000 r  clk
                         net (fo=0)                   0.000     0.000    clk
    AE23                 IBUF (Prop_ibuf_I_O)         0.710     0.710 r  clk_IBUF_inst/O
                         net (fo=1, routed)           2.413     3.123    clk_IBUF
    BUFGCTRL_X0Y0        BUFG (Prop_bufg_I_O)         0.080     3.203 r  clk_IBUF_BUFG_inst/O
                         net (fo=1600, routed)        1.620     4.823    u_fetch/clk
    SLICE_X41Y13         FDPE                                         r  u_fetch/if_id_inst_reg[0]/C
  -------------------------------------------------------------------    -------------------
    SLICE_X41Y13         FDPE (Prop_fdpe_C_Q)         0.216     5.039 r  u_fetch/if_id_inst_reg[0]/Q
                         net (fo=5, routed)           0.429     5.468    u_regfile/if_id_inst[0]
    SLICE_X41Y12         LUT5 (Prop_lut5_I0_O)        0.043     5.511 f  u_regfile/id_mem_write_i_2/O
                         net (fo=10, routed)          0.292     5.803    u_regfile/if_id_inst_reg[0]
    SLICE_X41Y13         LUT4 (Prop_lut4_I3_O)        0.043     5.846 r  u_regfile/registers_reg_r2_0_31_0_5_i_5/O
                         net (fo=38, routed)          0.508     6.354    u_memory/rs2_addr[0]
    SLICE_X41Y10         LUT6 (Prop_lut6_I0_O)        0.043     6.397 r  u_memory/id_ex_rs2_data[31]_i_8/O
                         net (fo=2, routed)           0.258     6.654    u_memory/id_ex_rs2_data[31]_i_8_n_0
    SLICE_X43Y10         LUT6 (Prop_lut6_I2_O)        0.043     6.697 r  u_memory/id_ex_rs2_data[30]_i_3/O
                         net (fo=23, routed)          0.423     7.121    u_memory/mem_wb_rd_addr_reg[3]_0
    SLICE_X43Y7          LUT6 (Prop_lut6_I2_O)        0.043     7.164 r  u_memory/id_ex_rs2_data[0]_i_2/O
                         net (fo=4, routed)           0.619     7.783    u_execute/lt_carry
    SLICE_X34Y5          LUT4 (Prop_lut4_I0_O)        0.043     7.826 r  u_execute/lt_carry_i_8/O
                         net (fo=1, routed)           0.000     7.826    u_decode/lt_carry__0_0[0]
    SLICE_X34Y5          CARRY4 (Prop_carry4_S[0]_CO[3])
                                                      0.251     8.077 r  u_decode/lt_carry/CO[3]
                         net (fo=1, routed)           0.000     8.077    u_decode/lt_carry_n_0
    SLICE_X34Y6          CARRY4 (Prop_carry4_CI_CO[3])
                                                      0.049     8.126 r  u_decode/lt_carry__0/CO[3]
                         net (fo=1, routed)           0.000     8.126    u_decode/lt_carry__0_n_0
    SLICE_X34Y7          CARRY4 (Prop_carry4_CI_CO[3])
                                                      0.049     8.175 r  u_decode/lt_carry__1/CO[3]
                         net (fo=1, routed)           0.000     8.175    u_decode/lt_carry__1_n_0
    SLICE_X34Y8          CARRY4 (Prop_carry4_CI_CO[3])
                                                      0.049     8.224 r  u_decode/lt_carry__2/CO[3]
                         net (fo=1, routed)           0.446     8.670    u_execute/u_fetch_i_7_0[0]
    SLICE_X34Y11         LUT5 (Prop_lut5_I1_O)        0.043     8.713 f  u_execute/u_fetch_i_12/O
                         net (fo=1, routed)           0.216     8.928    u_execute/u_fetch_i_12_n_0
    SLICE_X34Y12         LUT6 (Prop_lut6_I0_O)        0.043     8.971 r  u_execute/u_fetch_i_7/O
                         net (fo=35, routed)          0.303     9.274    u_dcache/pc_reg_reg[2]_rep__0_1
    SLICE_X33Y13         LUT5 (Prop_lut5_I3_O)        0.043     9.317 r  u_dcache/u_fetch_i_2/O
                         net (fo=113, routed)         0.273     9.590    u_fetch/actual_mispredict
    SLICE_X32Y13         LUT2 (Prop_lut2_I0_O)        0.049     9.639 r  u_fetch/pc_reg[31]_i_1/O
                         net (fo=45, routed)          0.419    10.058    u_fetch/p_0_in
    SLICE_X26Y7          FDCE                                         r  u_fetch/pc_reg_reg[5]_rep/CE
  -------------------------------------------------------------------    -------------------

                         (clock clk rise edge)        6.666     6.666 r  <hidden>
    AE23                                              0.000     6.666 r  clk
                         net (fo=0)                   0.000     6.666    clk
    AE23                 IBUF (Prop_ibuf_I_O)         0.635     7.301 r  clk_IBUF_inst/O
                         net (fo=1, routed)           2.314     9.615    clk_IBUF
    BUFGCTRL_X0Y0        BUFG (Prop_bufg_I_O)         0.072     9.687 r  clk_IBUF_BUFG_inst/O
                         net (fo=1600, routed)        1.501    11.188    u_fetch/clk
    SLICE_X26Y7          FDCE                                         r  u_fetch/pc_reg_reg[5]_rep/C
                         clock pessimism              0.267    11.455    <hidden>
                         clock uncertainty           -0.035    11.419    <hidden>
    SLICE_X26Y7          FDCE (Setup_fdce_C_CE)      -0.280    11.139    u_fetch/pc_reg_reg[5]_rep
  -------------------------------------------------------------------
                         required time                         11.139    <hidden>
                         arrival time                         -10.058    <hidden>
  -------------------------------------------------------------------
                         slack                                  1.081    <hidden>





Min Delay Paths
--------------------------------------------------------------------------------------
Slack (MET) :             0.078ns  (arrival time - required time)
  Source:                 u_dcache/mem_wdata_r_reg[4]/C
                            (rising edge-triggered cell FDCE clocked by clk  {rise@0.000ns fall@3.333ns period=6.666ns})
  Destination:            u_ram/dram_reg/DIADI[4]
                            (rising edge-triggered cell RAMB36E1 clocked by clk  {rise@0.000ns fall@3.333ns period=6.666ns})
  Path Group:             clk
  Path Type:              Hold (Min at Fast Process Corner)
  Requirement:            0.000ns  (clk rise@0.000ns - clk rise@0.000ns)
  Data Path Delay:        0.237ns  (logic 0.107ns (45.234%)  route 0.130ns (54.766%))
  Logic Levels:           0  
  Clock Path Skew:        0.040ns (DCD - SCD - CPR)
    Destination Clock Delay (DCD):    2.687ns
    Source Clock Delay      (SCD):    2.078ns
    Clock Pessimism Removal (CPR):    0.570ns

    Location             Delay type                Incr(ns)  Path(ns)    Netlist Resource(s)
  -------------------------------------------------------------------    -------------------
                         (clock clk rise edge)        0.000     0.000 r  <hidden>
    AE23                                              0.000     0.000 r  clk
                         net (fo=0)                   0.000     0.000    clk
    AE23                 IBUF (Prop_ibuf_I_O)         0.073     0.073 r  clk_IBUF_inst/O
                         net (fo=1, routed)           1.278     1.351    clk_IBUF
    BUFGCTRL_X0Y0        BUFG (Prop_bufg_I_O)         0.026     1.377 r  clk_IBUF_BUFG_inst/O
                         net (fo=1600, routed)        0.701     2.078    u_dcache/clk_IBUF_BUFG
    SLICE_X50Y2          FDCE                                         r  u_dcache/mem_wdata_r_reg[4]/C
  -------------------------------------------------------------------    -------------------
    SLICE_X50Y2          FDCE (Prop_fdce_C_Q)         0.107     2.185 r  u_dcache/mem_wdata_r_reg[4]/Q
                         net (fo=1, routed)           0.130     2.314    u_ram/dinb[4]
    RAMB36_X2Y0          RAMB36E1                                     r  u_ram/dram_reg/DIADI[4]
  -------------------------------------------------------------------    -------------------

                         (clock clk rise edge)        0.000     0.000 r  <hidden>
    AE23                                              0.000     0.000 r  clk
                         net (fo=0)                   0.000     0.000    clk
    AE23                 IBUF (Prop_ibuf_I_O)         0.321     0.321 r  clk_IBUF_inst/O
                         net (fo=1, routed)           1.351     1.672    clk_IBUF
    BUFGCTRL_X0Y0        BUFG (Prop_bufg_I_O)         0.030     1.702 r  clk_IBUF_BUFG_inst/O
                         net (fo=1600, routed)        0.986     2.687    u_ram/clk
    RAMB36_X2Y0          RAMB36E1                                     r  u_ram/dram_reg/CLKARDCLK
                         clock pessimism             -0.570     2.117    <hidden>
    RAMB36_X2Y0          RAMB36E1 (Hold_ramb36e1_CLKARDCLK_DIADI[4])
                                                      0.119     2.236    u_ram/dram_reg
  -------------------------------------------------------------------
                         required time                         -2.236    <hidden>
                         arrival time                           2.314    <hidden>
  -------------------------------------------------------------------
                         slack                                  0.078    <hidden>

Slack (MET) :             0.086ns  (arrival time - required time)
  Source:                 u_dcache/mem_wdata_r_reg[9]/C
                            (rising edge-triggered cell FDCE clocked by clk  {rise@0.000ns fall@3.333ns period=6.666ns})
  Destination:            u_ram/dram_reg/DIADI[9]
                            (rising edge-triggered cell RAMB36E1 clocked by clk  {rise@0.000ns fall@3.333ns period=6.666ns})
  Path Group:             clk
  Path Type:              Hold (Min at Fast Process Corner)
  Requirement:            0.000ns  (clk rise@0.000ns - clk rise@0.000ns)
  Data Path Delay:        0.237ns  (logic 0.107ns (45.203%)  route 0.130ns (54.798%))
  Logic Levels:           0  
  Clock Path Skew:        0.040ns (DCD - SCD - CPR)
    Destination Clock Delay (DCD):    2.687ns
    Source Clock Delay      (SCD):    2.078ns
    Clock Pessimism Removal (CPR):    0.570ns

    Location             Delay type                Incr(ns)  Path(ns)    Netlist Resource(s)
  -------------------------------------------------------------------    -------------------
                         (clock clk rise edge)        0.000     0.000 r  <hidden>
    AE23                                              0.000     0.000 r  clk
                         net (fo=0)                   0.000     0.000    clk
    AE23                 IBUF (Prop_ibuf_I_O)         0.073     0.073 r  clk_IBUF_inst/O
                         net (fo=1, routed)           1.278     1.351    clk_IBUF
    BUFGCTRL_X0Y0        BUFG (Prop_bufg_I_O)         0.026     1.377 r  clk_IBUF_BUFG_inst/O
                         net (fo=1600, routed)        0.701     2.078    u_dcache/clk_IBUF_BUFG
    SLICE_X50Y2          FDCE                                         r  u_dcache/mem_wdata_r_reg[9]/C
  -------------------------------------------------------------------    -------------------
    SLICE_X50Y2          FDCE (Prop_fdce_C_Q)         0.107     2.185 r  u_dcache/mem_wdata_r_reg[9]/Q
                         net (fo=1, routed)           0.130     2.315    u_ram/dinb[9]
    RAMB36_X2Y0          RAMB36E1                                     r  u_ram/dram_reg/DIADI[9]
  -------------------------------------------------------------------    -------------------

                         (clock clk rise edge)        0.000     0.000 r  <hidden>
    AE23                                              0.000     0.000 r  clk
                         net (fo=0)                   0.000     0.000    clk
    AE23                 IBUF (Prop_ibuf_I_O)         0.321     0.321 r  clk_IBUF_inst/O
                         net (fo=1, routed)           1.351     1.672    clk_IBUF
    BUFGCTRL_X0Y0        BUFG (Prop_bufg_I_O)         0.030     1.702 r  clk_IBUF_BUFG_inst/O
                         net (fo=1600, routed)        0.986     2.687    u_ram/clk
    RAMB36_X2Y0          RAMB36E1                                     r  u_ram/dram_reg/CLKARDCLK
                         clock pessimism             -0.570     2.117    <hidden>
    RAMB36_X2Y0          RAMB36E1 (Hold_ramb36e1_CLKARDCLK_DIADI[9])
                                                      0.111     2.228    u_ram/dram_reg
  -------------------------------------------------------------------
                         required time                         -2.228    <hidden>
                         arrival time                           2.315    <hidden>
  -------------------------------------------------------------------
                         slack                                  0.086    <hidden>

Slack (MET) :             0.091ns  (arrival time - required time)
  Source:                 u_dcache/mem_wdata_r_reg[7]/C
                            (rising edge-triggered cell FDCE clocked by clk  {rise@0.000ns fall@3.333ns period=6.666ns})
  Destination:            u_ram/dram_reg/DIADI[7]
                            (rising edge-triggered cell RAMB36E1 clocked by clk  {rise@0.000ns fall@3.333ns period=6.666ns})
  Path Group:             clk
  Path Type:              Hold (Min at Fast Process Corner)
  Requirement:            0.000ns  (clk rise@0.000ns - clk rise@0.000ns)
  Data Path Delay:        0.250ns  (logic 0.107ns (42.866%)  route 0.143ns (57.134%))
  Logic Levels:           0  
  Clock Path Skew:        0.040ns (DCD - SCD - CPR)
    Destination Clock Delay (DCD):    2.687ns
    Source Clock Delay      (SCD):    2.078ns
    Clock Pessimism Removal (CPR):    0.570ns

    Location             Delay type                Incr(ns)  Path(ns)    Netlist Resource(s)
  -------------------------------------------------------------------    -------------------
                         (clock clk rise edge)        0.000     0.000 r  <hidden>
    AE23                                              0.000     0.000 r  clk
                         net (fo=0)                   0.000     0.000    clk
    AE23                 IBUF (Prop_ibuf_I_O)         0.073     0.073 r  clk_IBUF_inst/O
                         net (fo=1, routed)           1.278     1.351    clk_IBUF
    BUFGCTRL_X0Y0        BUFG (Prop_bufg_I_O)         0.026     1.377 r  clk_IBUF_BUFG_inst/O
                         net (fo=1600, routed)        0.701     2.078    u_dcache/clk_IBUF_BUFG
    SLICE_X50Y2          FDCE                                         r  u_dcache/mem_wdata_r_reg[7]/C
  -------------------------------------------------------------------    -------------------
    SLICE_X50Y2          FDCE (Prop_fdce_C_Q)         0.107     2.185 r  u_dcache/mem_wdata_r_reg[7]/Q
                         net (fo=1, routed)           0.143     2.327    u_ram/dinb[7]
    RAMB36_X2Y0          RAMB36E1                                     r  u_ram/dram_reg/DIADI[7]
  -------------------------------------------------------------------    -------------------

                         (clock clk rise edge)        0.000     0.000 r  <hidden>
    AE23                                              0.000     0.000 r  clk
                         net (fo=0)                   0.000     0.000    clk
    AE23                 IBUF (Prop_ibuf_I_O)         0.321     0.321 r  clk_IBUF_inst/O
                         net (fo=1, routed)           1.351     1.672    clk_IBUF
    BUFGCTRL_X0Y0        BUFG (Prop_bufg_I_O)         0.030     1.702 r  clk_IBUF_BUFG_inst/O
                         net (fo=1600, routed)        0.986     2.687    u_ram/clk
    RAMB36_X2Y0          RAMB36E1                                     r  u_ram/dram_reg/CLKARDCLK
                         clock pessimism             -0.570     2.117    <hidden>
    RAMB36_X2Y0          RAMB36E1 (Hold_ramb36e1_CLKARDCLK_DIADI[7])
                                                      0.119     2.236    u_ram/dram_reg
  -------------------------------------------------------------------
                         required time                         -2.236    <hidden>
                         arrival time                           2.327    <hidden>
  -------------------------------------------------------------------
                         slack                                  0.091    <hidden>

Slack (MET) :             0.099ns  (arrival time - required time)
  Source:                 u_fetch/if_id_pc_reg[6]/C
                            (rising edge-triggered cell FDCE clocked by clk  {rise@0.000ns fall@3.333ns period=6.666ns})
  Destination:            u_fetch/btb_table_reg_0_63_9_11/RAMA/WADR4
                            (rising edge-triggered cell RAMD64E clocked by clk  {rise@0.000ns fall@3.333ns period=6.666ns})
  Path Group:             clk
  Path Type:              Hold (Min at Fast Process Corner)
  Requirement:            0.000ns  (clk rise@0.000ns - clk rise@0.000ns)
  Data Path Delay:        0.275ns  (logic 0.091ns (33.108%)  route 0.184ns (66.892%))
  Logic Levels:           0  
  Clock Path Skew:        0.027ns (DCD - SCD - CPR)
    Destination Clock Delay (DCD):    2.692ns
    Source Clock Delay      (SCD):    2.112ns
    Clock Pessimism Removal (CPR):    0.553ns

    Location             Delay type                Incr(ns)  Path(ns)    Netlist Resource(s)
  -------------------------------------------------------------------    -------------------
                         (clock clk rise edge)        0.000     0.000 r  <hidden>
    AE23                                              0.000     0.000 r  clk
                         net (fo=0)                   0.000     0.000    clk
    AE23                 IBUF (Prop_ibuf_I_O)         0.073     0.073 r  clk_IBUF_inst/O
                         net (fo=1, routed)           1.278     1.351    clk_IBUF
    BUFGCTRL_X0Y0        BUFG (Prop_bufg_I_O)         0.026     1.377 r  clk_IBUF_BUFG_inst/O
                         net (fo=1600, routed)        0.735     2.112    u_fetch/clk
    SLICE_X33Y13         FDCE                                         r  u_fetch/if_id_pc_reg[6]/C
  -------------------------------------------------------------------    -------------------
    SLICE_X33Y13         FDCE (Prop_fdce_C_Q)         0.091     2.203 r  u_fetch/if_id_pc_reg[6]/Q
                         net (fo=612, routed)         0.184     2.387    u_fetch/btb_table_reg_0_63_9_11/ADDRD4
    SLICE_X38Y13         RAMD64E                                      r  u_fetch/btb_table_reg_0_63_9_11/RAMA/WADR4
  -------------------------------------------------------------------    -------------------

                         (clock clk rise edge)        0.000     0.000 r  <hidden>
    AE23                                              0.000     0.000 r  clk
                         net (fo=0)                   0.000     0.000    clk
    AE23                 IBUF (Prop_ibuf_I_O)         0.321     0.321 r  clk_IBUF_inst/O
                         net (fo=1, routed)           1.351     1.672    clk_IBUF
    BUFGCTRL_X0Y0        BUFG (Prop_bufg_I_O)         0.030     1.702 r  clk_IBUF_BUFG_inst/O
                         net (fo=1600, routed)        0.990     2.692    u_fetch/btb_table_reg_0_63_9_11/WCLK
    SLICE_X38Y13         RAMD64E                                      r  u_fetch/btb_table_reg_0_63_9_11/RAMA/CLK
                         clock pessimism             -0.553     2.139    <hidden>
    SLICE_X38Y13         RAMD64E (Hold_ramd64e_CLK_WADR4)
                                                      0.149     2.288    u_fetch/btb_table_reg_0_63_9_11/RAMA
  -------------------------------------------------------------------
                         required time                         -2.288    <hidden>
                         arrival time                           2.387    <hidden>
  -------------------------------------------------------------------
                         slack                                  0.099    <hidden>

Slack (MET) :             0.099ns  (arrival time - required time)
  Source:                 u_fetch/if_id_pc_reg[6]/C
                            (rising edge-triggered cell FDCE clocked by clk  {rise@0.000ns fall@3.333ns period=6.666ns})
  Destination:            u_fetch/btb_table_reg_0_63_9_11/RAMB/WADR4
                            (rising edge-triggered cell RAMD64E clocked by clk  {rise@0.000ns fall@3.333ns period=6.666ns})
  Path Group:             clk
  Path Type:              Hold (Min at Fast Process Corner)
  Requirement:            0.000ns  (clk rise@0.000ns - clk rise@0.000ns)
  Data Path Delay:        0.275ns  (logic 0.091ns (33.108%)  route 0.184ns (66.892%))
  Logic Levels:           0  
  Clock Path Skew:        0.027ns (DCD - SCD - CPR)
    Destination Clock Delay (DCD):    2.692ns
    Source Clock Delay      (SCD):    2.112ns
    Clock Pessimism Removal (CPR):    0.553ns

    Location             Delay type                Incr(ns)  Path(ns)    Netlist Resource(s)
  -------------------------------------------------------------------    -------------------
                         (clock clk rise edge)        0.000     0.000 r  <hidden>
    AE23                                              0.000     0.000 r  clk
                         net (fo=0)                   0.000     0.000    clk
    AE23                 IBUF (Prop_ibuf_I_O)         0.073     0.073 r  clk_IBUF_inst/O
                         net (fo=1, routed)           1.278     1.351    clk_IBUF
    BUFGCTRL_X0Y0        BUFG (Prop_bufg_I_O)         0.026     1.377 r  clk_IBUF_BUFG_inst/O
                         net (fo=1600, routed)        0.735     2.112    u_fetch/clk
    SLICE_X33Y13         FDCE                                         r  u_fetch/if_id_pc_reg[6]/C
  -------------------------------------------------------------------    -------------------
    SLICE_X33Y13         FDCE (Prop_fdce_C_Q)         0.091     2.203 r  u_fetch/if_id_pc_reg[6]/Q
                         net (fo=612, routed)         0.184     2.387    u_fetch/btb_table_reg_0_63_9_11/ADDRD4
    SLICE_X38Y13         RAMD64E                                      r  u_fetch/btb_table_reg_0_63_9_11/RAMB/WADR4
  -------------------------------------------------------------------    -------------------

                         (clock clk rise edge)        0.000     0.000 r  <hidden>
    AE23                                              0.000     0.000 r  clk
                         net (fo=0)                   0.000     0.000    clk
    AE23                 IBUF (Prop_ibuf_I_O)         0.321     0.321 r  clk_IBUF_inst/O
                         net (fo=1, routed)           1.351     1.672    clk_IBUF
    BUFGCTRL_X0Y0        BUFG (Prop_bufg_I_O)         0.030     1.702 r  clk_IBUF_BUFG_inst/O
                         net (fo=1600, routed)        0.990     2.692    u_fetch/btb_table_reg_0_63_9_11/WCLK
    SLICE_X38Y13         RAMD64E                                      r  u_fetch/btb_table_reg_0_63_9_11/RAMB/CLK
                         clock pessimism             -0.553     2.139    <hidden>
    SLICE_X38Y13         RAMD64E (Hold_ramd64e_CLK_WADR4)
                                                      0.149     2.288    u_fetch/btb_table_reg_0_63_9_11/RAMB
  -------------------------------------------------------------------
                         required time                         -2.288    <hidden>
                         arrival time                           2.387    <hidden>
  -------------------------------------------------------------------
                         slack                                  0.099    <hidden>

Slack (MET) :             0.099ns  (arrival time - required time)
  Source:                 u_fetch/if_id_pc_reg[6]/C
                            (rising edge-triggered cell FDCE clocked by clk  {rise@0.000ns fall@3.333ns period=6.666ns})
  Destination:            u_fetch/btb_table_reg_0_63_9_11/RAMC/WADR4
                            (rising edge-triggered cell RAMD64E clocked by clk  {rise@0.000ns fall@3.333ns period=6.666ns})
  Path Group:             clk
  Path Type:              Hold (Min at Fast Process Corner)
  Requirement:            0.000ns  (clk rise@0.000ns - clk rise@0.000ns)
  Data Path Delay:        0.275ns  (logic 0.091ns (33.108%)  route 0.184ns (66.892%))
  Logic Levels:           0  
  Clock Path Skew:        0.027ns (DCD - SCD - CPR)
    Destination Clock Delay (DCD):    2.692ns
    Source Clock Delay      (SCD):    2.112ns
    Clock Pessimism Removal (CPR):    0.553ns

    Location             Delay type                Incr(ns)  Path(ns)    Netlist Resource(s)
  -------------------------------------------------------------------    -------------------
                         (clock clk rise edge)        0.000     0.000 r  <hidden>
    AE23                                              0.000     0.000 r  clk
                         net (fo=0)                   0.000     0.000    clk
    AE23                 IBUF (Prop_ibuf_I_O)         0.073     0.073 r  clk_IBUF_inst/O
                         net (fo=1, routed)           1.278     1.351    clk_IBUF
    BUFGCTRL_X0Y0        BUFG (Prop_bufg_I_O)         0.026     1.377 r  clk_IBUF_BUFG_inst/O
                         net (fo=1600, routed)        0.735     2.112    u_fetch/clk
    SLICE_X33Y13         FDCE                                         r  u_fetch/if_id_pc_reg[6]/C
  -------------------------------------------------------------------    -------------------
    SLICE_X33Y13         FDCE (Prop_fdce_C_Q)         0.091     2.203 r  u_fetch/if_id_pc_reg[6]/Q
                         net (fo=612, routed)         0.184     2.387    u_fetch/btb_table_reg_0_63_9_11/ADDRD4
    SLICE_X38Y13         RAMD64E                                      r  u_fetch/btb_table_reg_0_63_9_11/RAMC/WADR4
  -------------------------------------------------------------------    -------------------

                         (clock clk rise edge)        0.000     0.000 r  <hidden>
    AE23                                              0.000     0.000 r  clk
                         net (fo=0)                   0.000     0.000    clk
    AE23                 IBUF (Prop_ibuf_I_O)         0.321     0.321 r  clk_IBUF_inst/O
                         net (fo=1, routed)           1.351     1.672    clk_IBUF
    BUFGCTRL_X0Y0        BUFG (Prop_bufg_I_O)         0.030     1.702 r  clk_IBUF_BUFG_inst/O
                         net (fo=1600, routed)        0.990     2.692    u_fetch/btb_table_reg_0_63_9_11/WCLK
    SLICE_X38Y13         RAMD64E                                      r  u_fetch/btb_table_reg_0_63_9_11/RAMC/CLK
                         clock pessimism             -0.553     2.139    <hidden>
    SLICE_X38Y13         RAMD64E (Hold_ramd64e_CLK_WADR4)
                                                      0.149     2.288    u_fetch/btb_table_reg_0_63_9_11/RAMC
  -------------------------------------------------------------------
                         required time                         -2.288    <hidden>
                         arrival time                           2.387    <hidden>
  -------------------------------------------------------------------
                         slack                                  0.099    <hidden>

Slack (MET) :             0.099ns  (arrival time - required time)
  Source:                 u_fetch/if_id_pc_reg[6]/C
                            (rising edge-triggered cell FDCE clocked by clk  {rise@0.000ns fall@3.333ns period=6.666ns})
  Destination:            u_fetch/btb_table_reg_0_63_9_11/RAMD/WADR4
                            (rising edge-triggered cell RAMD64E clocked by clk  {rise@0.000ns fall@3.333ns period=6.666ns})
  Path Group:             clk
  Path Type:              Hold (Min at Fast Process Corner)
  Requirement:            0.000ns  (clk rise@0.000ns - clk rise@0.000ns)
  Data Path Delay:        0.275ns  (logic 0.091ns (33.108%)  route 0.184ns (66.892%))
  Logic Levels:           0  
  Clock Path Skew:        0.027ns (DCD - SCD - CPR)
    Destination Clock Delay (DCD):    2.692ns
    Source Clock Delay      (SCD):    2.112ns
    Clock Pessimism Removal (CPR):    0.553ns

    Location             Delay type                Incr(ns)  Path(ns)    Netlist Resource(s)
  -------------------------------------------------------------------    -------------------
                         (clock clk rise edge)        0.000     0.000 r  <hidden>
    AE23                                              0.000     0.000 r  clk
                         net (fo=0)                   0.000     0.000    clk
    AE23                 IBUF (Prop_ibuf_I_O)         0.073     0.073 r  clk_IBUF_inst/O
                         net (fo=1, routed)           1.278     1.351    clk_IBUF
    BUFGCTRL_X0Y0        BUFG (Prop_bufg_I_O)         0.026     1.377 r  clk_IBUF_BUFG_inst/O
                         net (fo=1600, routed)        0.735     2.112    u_fetch/clk
    SLICE_X33Y13         FDCE                                         r  u_fetch/if_id_pc_reg[6]/C
  -------------------------------------------------------------------    -------------------
    SLICE_X33Y13         FDCE (Prop_fdce_C_Q)         0.091     2.203 r  u_fetch/if_id_pc_reg[6]/Q
                         net (fo=612, routed)         0.184     2.387    u_fetch/btb_table_reg_0_63_9_11/ADDRD4
    SLICE_X38Y13         RAMD64E                                      r  u_fetch/btb_table_reg_0_63_9_11/RAMD/WADR4
  -------------------------------------------------------------------    -------------------

                         (clock clk rise edge)        0.000     0.000 r  <hidden>
    AE23                                              0.000     0.000 r  clk
                         net (fo=0)                   0.000     0.000    clk
    AE23                 IBUF (Prop_ibuf_I_O)         0.321     0.321 r  clk_IBUF_inst/O
                         net (fo=1, routed)           1.351     1.672    clk_IBUF
    BUFGCTRL_X0Y0        BUFG (Prop_bufg_I_O)         0.030     1.702 r  clk_IBUF_BUFG_inst/O
                         net (fo=1600, routed)        0.990     2.692    u_fetch/btb_table_reg_0_63_9_11/WCLK
    SLICE_X38Y13         RAMD64E                                      r  u_fetch/btb_table_reg_0_63_9_11/RAMD/CLK
                         clock pessimism             -0.553     2.139    <hidden>
    SLICE_X38Y13         RAMD64E (Hold_ramd64e_CLK_WADR4)
                                                      0.149     2.288    u_fetch/btb_table_reg_0_63_9_11/RAMD
  -------------------------------------------------------------------
                         required time                         -2.288    <hidden>
                         arrival time                           2.387    <hidden>
  -------------------------------------------------------------------
                         slack                                  0.099    <hidden>

Slack (MET) :             0.101ns  (arrival time - required time)
  Source:                 u_execute/ex_mem_alu_result_reg[2]/C
                            (rising edge-triggered cell FDCE clocked by clk  {rise@0.000ns fall@3.333ns period=6.666ns})
  Destination:            u_dcache/data_array_reg_0_63_17_17/SP/ADR0
                            (rising edge-triggered cell RAMS64E clocked by clk  {rise@0.000ns fall@3.333ns period=6.666ns})
  Path Group:             clk
  Path Type:              Hold (Min at Fast Process Corner)
  Requirement:            0.000ns  (clk rise@0.000ns - clk rise@0.000ns)
  Data Path Delay:        0.432ns  (logic 0.100ns (23.140%)  route 0.332ns (76.860%))
  Logic Levels:           0  
  Clock Path Skew:        0.034ns (DCD - SCD - CPR)
    Destination Clock Delay (DCD):    2.698ns
    Source Clock Delay      (SCD):    2.111ns
    Clock Pessimism Removal (CPR):    0.553ns

    Location             Delay type                Incr(ns)  Path(ns)    Netlist Resource(s)
  -------------------------------------------------------------------    -------------------
                         (clock clk rise edge)        0.000     0.000 r  <hidden>
    AE23                                              0.000     0.000 r  clk
                         net (fo=0)                   0.000     0.000    clk
    AE23                 IBUF (Prop_ibuf_I_O)         0.073     0.073 r  clk_IBUF_inst/O
                         net (fo=1, routed)           1.278     1.351    clk_IBUF
    BUFGCTRL_X0Y0        BUFG (Prop_bufg_I_O)         0.026     1.377 r  clk_IBUF_BUFG_inst/O
                         net (fo=1600, routed)        0.734     2.111    u_execute/clk_IBUF_BUFG
    SLICE_X43Y5          FDCE                                         r  u_execute/ex_mem_alu_result_reg[2]/C
  -------------------------------------------------------------------    -------------------
    SLICE_X43Y5          FDCE (Prop_fdce_C_Q)         0.100     2.211 r  u_execute/ex_mem_alu_result_reg[2]/Q
                         net (fo=128, routed)         0.332     2.543    u_dcache/data_array_reg_0_63_17_17/A0
    SLICE_X38Y2          RAMS64E                                      r  u_dcache/data_array_reg_0_63_17_17/SP/ADR0
  -------------------------------------------------------------------    -------------------

                         (clock clk rise edge)        0.000     0.000 r  <hidden>
    AE23                                              0.000     0.000 r  clk
                         net (fo=0)                   0.000     0.000    clk
    AE23                 IBUF (Prop_ibuf_I_O)         0.321     0.321 r  clk_IBUF_inst/O
                         net (fo=1, routed)           1.351     1.672    clk_IBUF
    BUFGCTRL_X0Y0        BUFG (Prop_bufg_I_O)         0.030     1.702 r  clk_IBUF_BUFG_inst/O
                         net (fo=1600, routed)        0.996     2.698    u_dcache/data_array_reg_0_63_17_17/WCLK
    SLICE_X38Y2          RAMS64E                                      r  u_dcache/data_array_reg_0_63_17_17/SP/CLK
                         clock pessimism             -0.553     2.145    <hidden>
    SLICE_X38Y2          RAMS64E (Hold_rams64e_CLK_ADR0)
                                                      0.297     2.442    u_dcache/data_array_reg_0_63_17_17/SP
  -------------------------------------------------------------------
                         required time                         -2.442    <hidden>
                         arrival time                           2.543    <hidden>
  -------------------------------------------------------------------
                         slack                                  0.101    <hidden>

Slack (MET) :             0.101ns  (arrival time - required time)
  Source:                 u_execute/ex_mem_alu_result_reg[2]/C
                            (rising edge-triggered cell FDCE clocked by clk  {rise@0.000ns fall@3.333ns period=6.666ns})
  Destination:            u_dcache/data_array_reg_0_63_18_18/SP/ADR0
                            (rising edge-triggered cell RAMS64E clocked by clk  {rise@0.000ns fall@3.333ns period=6.666ns})
  Path Group:             clk
  Path Type:              Hold (Min at Fast Process Corner)
  Requirement:            0.000ns  (clk rise@0.000ns - clk rise@0.000ns)
  Data Path Delay:        0.432ns  (logic 0.100ns (23.140%)  route 0.332ns (76.860%))
  Logic Levels:           0  
  Clock Path Skew:        0.034ns (DCD - SCD - CPR)
    Destination Clock Delay (DCD):    2.698ns
    Source Clock Delay      (SCD):    2.111ns
    Clock Pessimism Removal (CPR):    0.553ns

    Location             Delay type                Incr(ns)  Path(ns)    Netlist Resource(s)
  -------------------------------------------------------------------    -------------------
                         (clock clk rise edge)        0.000     0.000 r  <hidden>
    AE23                                              0.000     0.000 r  clk
                         net (fo=0)                   0.000     0.000    clk
    AE23                 IBUF (Prop_ibuf_I_O)         0.073     0.073 r  clk_IBUF_inst/O
                         net (fo=1, routed)           1.278     1.351    clk_IBUF
    BUFGCTRL_X0Y0        BUFG (Prop_bufg_I_O)         0.026     1.377 r  clk_IBUF_BUFG_inst/O
                         net (fo=1600, routed)        0.734     2.111    u_execute/clk_IBUF_BUFG
    SLICE_X43Y5          FDCE                                         r  u_execute/ex_mem_alu_result_reg[2]/C
  -------------------------------------------------------------------    -------------------
    SLICE_X43Y5          FDCE (Prop_fdce_C_Q)         0.100     2.211 r  u_execute/ex_mem_alu_result_reg[2]/Q
                         net (fo=128, routed)         0.332     2.543    u_dcache/data_array_reg_0_63_18_18/A0
    SLICE_X38Y2          RAMS64E                                      r  u_dcache/data_array_reg_0_63_18_18/SP/ADR0
  -------------------------------------------------------------------    -------------------

                         (clock clk rise edge)        0.000     0.000 r  <hidden>
    AE23                                              0.000     0.000 r  clk
                         net (fo=0)                   0.000     0.000    clk
    AE23                 IBUF (Prop_ibuf_I_O)         0.321     0.321 r  clk_IBUF_inst/O
                         net (fo=1, routed)           1.351     1.672    clk_IBUF
    BUFGCTRL_X0Y0        BUFG (Prop_bufg_I_O)         0.030     1.702 r  clk_IBUF_BUFG_inst/O
                         net (fo=1600, routed)        0.996     2.698    u_dcache/data_array_reg_0_63_18_18/WCLK
    SLICE_X38Y2          RAMS64E                                      r  u_dcache/data_array_reg_0_63_18_18/SP/CLK
                         clock pessimism             -0.553     2.145    <hidden>
    SLICE_X38Y2          RAMS64E (Hold_rams64e_CLK_ADR0)
                                                      0.297     2.442    u_dcache/data_array_reg_0_63_18_18/SP
  -------------------------------------------------------------------
                         required time                         -2.442    <hidden>
                         arrival time                           2.543    <hidden>
  -------------------------------------------------------------------
                         slack                                  0.101    <hidden>

Slack (MET) :             0.101ns  (arrival time - required time)
  Source:                 u_execute/ex_mem_alu_result_reg[2]/C
                            (rising edge-triggered cell FDCE clocked by clk  {rise@0.000ns fall@3.333ns period=6.666ns})
  Destination:            u_dcache/data_array_reg_0_63_19_19/SP/ADR0
                            (rising edge-triggered cell RAMS64E clocked by clk  {rise@0.000ns fall@3.333ns period=6.666ns})
  Path Group:             clk
  Path Type:              Hold (Min at Fast Process Corner)
  Requirement:            0.000ns  (clk rise@0.000ns - clk rise@0.000ns)
  Data Path Delay:        0.432ns  (logic 0.100ns (23.140%)  route 0.332ns (76.860%))
  Logic Levels:           0  
  Clock Path Skew:        0.034ns (DCD - SCD - CPR)
    Destination Clock Delay (DCD):    2.698ns
    Source Clock Delay      (SCD):    2.111ns
    Clock Pessimism Removal (CPR):    0.553ns

    Location             Delay type                Incr(ns)  Path(ns)    Netlist Resource(s)
  -------------------------------------------------------------------    -------------------
                         (clock clk rise edge)        0.000     0.000 r  <hidden>
    AE23                                              0.000     0.000 r  clk
                         net (fo=0)                   0.000     0.000    clk
    AE23                 IBUF (Prop_ibuf_I_O)         0.073     0.073 r  clk_IBUF_inst/O
                         net (fo=1, routed)           1.278     1.351    clk_IBUF
    BUFGCTRL_X0Y0        BUFG (Prop_bufg_I_O)         0.026     1.377 r  clk_IBUF_BUFG_inst/O
                         net (fo=1600, routed)        0.734     2.111    u_execute/clk_IBUF_BUFG
    SLICE_X43Y5          FDCE                                         r  u_execute/ex_mem_alu_result_reg[2]/C
  -------------------------------------------------------------------    -------------------
    SLICE_X43Y5          FDCE (Prop_fdce_C_Q)         0.100     2.211 r  u_execute/ex_mem_alu_result_reg[2]/Q
                         net (fo=128, routed)         0.332     2.543    u_dcache/data_array_reg_0_63_19_19/A0
    SLICE_X38Y2          RAMS64E                                      r  u_dcache/data_array_reg_0_63_19_19/SP/ADR0
  -------------------------------------------------------------------    -------------------

                         (clock clk rise edge)        0.000     0.000 r  <hidden>
    AE23                                              0.000     0.000 r  clk
                         net (fo=0)                   0.000     0.000    clk
    AE23                 IBUF (Prop_ibuf_I_O)         0.321     0.321 r  clk_IBUF_inst/O
                         net (fo=1, routed)           1.351     1.672    clk_IBUF
    BUFGCTRL_X0Y0        BUFG (Prop_bufg_I_O)         0.030     1.702 r  clk_IBUF_BUFG_inst/O
                         net (fo=1600, routed)        0.996     2.698    u_dcache/data_array_reg_0_63_19_19/WCLK
    SLICE_X38Y2          RAMS64E                                      r  u_dcache/data_array_reg_0_63_19_19/SP/CLK
                         clock pessimism             -0.553     2.145    <hidden>
    SLICE_X38Y2          RAMS64E (Hold_rams64e_CLK_ADR0)
                                                      0.297     2.442    u_dcache/data_array_reg_0_63_19_19/SP
  -------------------------------------------------------------------
                         required time                         -2.442    <hidden>
                         arrival time                           2.543    <hidden>
  -------------------------------------------------------------------
                         slack                                  0.101    <hidden>





Pulse Width Checks
--------------------------------------------------------------------------------------
Clock Name:         clk
Waveform(ns):       { 0.000 3.333 }
Period(ns):         6.666
Sources:            { clk }

Check Type        Corner  Lib Pin             Reference Pin  Required(ns)  Actual(ns)  Slack(ns)  Location       Pin
Min Period        n/a     RAMB36E1/CLKARDCLK  n/a            1.663         6.666       5.003      RAMB36_X2Y2    u_ram/douta_reg/CLKARDCLK
Min Period        n/a     RAMB36E1/CLKARDCLK  n/a            1.663         6.666       5.003      RAMB36_X2Y0    u_ram/dram_reg/CLKARDCLK
Min Period        n/a     BUFG/I              n/a            1.349         6.666       5.317      BUFGCTRL_X0Y0  clk_IBUF_BUFG_inst/I
Min Period        n/a     FDCE/C              n/a            0.750         6.666       5.916      SLICE_X51Y6    spi_cpol_reg/C
Min Period        n/a     FDCE/C              n/a            0.750         6.666       5.916      SLICE_X53Y7    spi_ctrl/core_start_reg/C
Min Period        n/a     FDCE/C              n/a            0.750         6.666       5.916      SLICE_X54Y8    spi_ctrl/spi_engine/FSM_onehot_state_reg[2]/C
Min Period        n/a     FDCE/C              n/a            0.750         6.666       5.916      SLICE_X54Y5    spi_ctrl/spi_engine/clk_cnt_reg[1]/C
Min Period        n/a     FDCE/C              n/a            0.750         6.666       5.916      SLICE_X54Y7    spi_ctrl/spi_engine/edge_cnt_reg[3]/C
Min Period        n/a     FDCE/C              n/a            0.750         6.666       5.916      SLICE_X50Y7    spi_ctrl/spi_engine/rx_data_reg[4]/C
Min Period        n/a     FDCE/C              n/a            0.750         6.666       5.916      SLICE_X50Y7    spi_ctrl/spi_engine/rx_data_reg[5]/C
Low Pulse Width   Slow    RAMS64E/CLK         n/a            0.674         3.333       2.659      SLICE_X38Y0    u_dcache/data_array_reg_0_63_0_0/SP/CLK
Low Pulse Width   Fast    RAMS64E/CLK         n/a            0.674         3.333       2.659      SLICE_X38Y0    u_dcache/data_array_reg_0_63_0_0/SP/CLK
Low Pulse Width   Slow    RAMS64E/CLK         n/a            0.674         3.333       2.659      SLICE_X38Y0    u_dcache/data_array_reg_0_63_10_10/SP/CLK
Low Pulse Width   Fast    RAMS64E/CLK         n/a            0.674         3.333       2.659      SLICE_X38Y0    u_dcache/data_array_reg_0_63_10_10/SP/CLK
Low Pulse Width   Slow    RAMS64E/CLK         n/a            0.674         3.333       2.659      SLICE_X38Y0    u_dcache/data_array_reg_0_63_11_11/SP/CLK
Low Pulse Width   Fast    RAMS64E/CLK         n/a            0.674         3.333       2.659      SLICE_X38Y0    u_dcache/data_array_reg_0_63_11_11/SP/CLK
Low Pulse Width   Slow    RAMS64E/CLK         n/a            0.674         3.333       2.659      SLICE_X38Y0    u_dcache/data_array_reg_0_63_12_12/SP/CLK
Low Pulse Width   Fast    RAMS64E/CLK         n/a            0.674         3.333       2.659      SLICE_X38Y0    u_dcache/data_array_reg_0_63_12_12/SP/CLK
Low Pulse Width   Slow    RAMS64E/CLK         n/a            0.674         3.333       2.659      SLICE_X38Y1    u_dcache/data_array_reg_0_63_13_13/SP/CLK
Low Pulse Width   Fast    RAMS64E/CLK         n/a            0.674         3.333       2.659      SLICE_X38Y1    u_dcache/data_array_reg_0_63_13_13/SP/CLK
High Pulse Width  Slow    RAMS64E/CLK         n/a            0.674         3.333       2.659      SLICE_X38Y0    u_dcache/data_array_reg_0_63_0_0/SP/CLK
High Pulse Width  Fast    RAMS64E/CLK         n/a            0.674         3.333       2.659      SLICE_X38Y0    u_dcache/data_array_reg_0_63_0_0/SP/CLK
High Pulse Width  Slow    RAMS64E/CLK         n/a            0.674         3.333       2.659      SLICE_X38Y0    u_dcache/data_array_reg_0_63_10_10/SP/CLK
High Pulse Width  Fast    RAMS64E/CLK         n/a            0.674         3.333       2.659      SLICE_X38Y0    u_dcache/data_array_reg_0_63_10_10/SP/CLK
High Pulse Width  Slow    RAMS64E/CLK         n/a            0.674         3.333       2.659      SLICE_X38Y0    u_dcache/data_array_reg_0_63_11_11/SP/CLK
High Pulse Width  Fast    RAMS64E/CLK         n/a            0.674         3.333       2.659      SLICE_X38Y0    u_dcache/data_array_reg_0_63_11_11/SP/CLK
High Pulse Width  Slow    RAMS64E/CLK         n/a            0.674         3.333       2.659      SLICE_X38Y0    u_dcache/data_array_reg_0_63_12_12/SP/CLK
High Pulse Width  Fast    RAMS64E/CLK         n/a            0.674         3.333       2.659      SLICE_X38Y0    u_dcache/data_array_reg_0_63_12_12/SP/CLK
High Pulse Width  Slow    RAMS64E/CLK         n/a            0.674         3.333       2.659      SLICE_X38Y1    u_dcache/data_array_reg_0_63_13_13/SP/CLK
High Pulse Width  Fast    RAMS64E/CLK         n/a            0.674         3.333       2.659      SLICE_X38Y1    u_dcache/data_array_reg_0_63_13_13/SP/CLK



--------------------------------------------------------------------------------------
Path Group:  (none)
From Clock:  clk
  To Clock:  

Max Delay             3 Endpoints
Min Delay             3 Endpoints
--------------------------------------------------------------------------------------


Max Delay Paths
--------------------------------------------------------------------------------------
Slack:                    inf
  Source:                 spi_ctrl/spi_engine/cs_n_reg/C
                            (rising edge-triggered cell FDPE clocked by clk  {rise@0.000ns fall@3.333ns period=6.666ns})
  Destination:            spi_cs_n
                            (output port)
  Path Group:             (none)
  Path Type:              Max at Slow Process Corner
  Data Path Delay:        4.672ns  (logic 2.481ns (53.115%)  route 2.190ns (46.885%))
  Logic Levels:           1  (OBUF=1)
  Clock Uncertainty:      0.025ns  ((TSJ^2 + TIJ^2)^1/2 + DJ) / 2 + PE
    Total System Jitter     (TSJ):    0.050ns
    Total Input Jitter      (TIJ):    0.000ns
    Discrete Jitter          (DJ):    0.000ns
    Phase Error              (PE):    0.000ns

    Location             Delay type                Incr(ns)  Path(ns)    Netlist Resource(s)
  -------------------------------------------------------------------    -------------------
                         (clock clk rise edge)        0.000     0.000 r  <hidden>
    AE23                                              0.000     0.000 r  clk
                         net (fo=0)                   0.000     0.000    clk
    AE23                 IBUF (Prop_ibuf_I_O)         0.710     0.710 r  clk_IBUF_inst/O
                         net (fo=1, routed)           2.413     3.123    clk_IBUF
    BUFGCTRL_X0Y0        BUFG (Prop_bufg_I_O)         0.080     3.203 r  clk_IBUF_BUFG_inst/O
                         net (fo=1600, routed)        1.563     4.766    spi_ctrl/spi_engine/clk_IBUF_BUFG
    SLICE_X54Y6          FDPE                                         r  spi_ctrl/spi_engine/cs_n_reg/C
  -------------------------------------------------------------------    -------------------
    SLICE_X54Y6          FDPE (Prop_fdpe_C_Q)         0.254     5.020 r  spi_ctrl/spi_engine/cs_n_reg/Q
                         net (fo=1, routed)           2.190     7.210    spi_cs_n_OBUF
    AK20                 OBUF (Prop_obuf_I_O)         2.227     9.437 r  spi_cs_n_OBUF_inst/O
                         net (fo=0)                   0.000     9.437    spi_cs_n
    AK20                                                              r  spi_cs_n
  -------------------------------------------------------------------    -------------------

Slack:                    inf
  Source:                 spi_ctrl/spi_engine/sclk_reg/C
                            (rising edge-triggered cell FDCE clocked by clk  {rise@0.000ns fall@3.333ns period=6.666ns})
  Destination:            spi_sclk
                            (output port)
  Path Group:             (none)
  Path Type:              Max at Slow Process Corner
  Data Path Delay:        4.656ns  (logic 2.486ns (53.401%)  route 2.169ns (46.599%))
  Logic Levels:           1  (OBUF=1)
  Clock Uncertainty:      0.025ns  ((TSJ^2 + TIJ^2)^1/2 + DJ) / 2 + PE
    Total System Jitter     (TSJ):    0.050ns
    Total Input Jitter      (TIJ):    0.000ns
    Discrete Jitter          (DJ):    0.000ns
    Phase Error              (PE):    0.000ns

    Location             Delay type                Incr(ns)  Path(ns)    Netlist Resource(s)
  -------------------------------------------------------------------    -------------------
                         (clock clk rise edge)        0.000     0.000 r  <hidden>
    AE23                                              0.000     0.000 r  clk
                         net (fo=0)                   0.000     0.000    clk
    AE23                 IBUF (Prop_ibuf_I_O)         0.710     0.710 r  clk_IBUF_inst/O
                         net (fo=1, routed)           2.413     3.123    clk_IBUF
    BUFGCTRL_X0Y0        BUFG (Prop_bufg_I_O)         0.080     3.203 r  clk_IBUF_BUFG_inst/O
                         net (fo=1600, routed)        1.564     4.767    spi_ctrl/spi_engine/clk_IBUF_BUFG
    SLICE_X54Y5          FDCE                                         r  spi_ctrl/spi_engine/sclk_reg/C
  -------------------------------------------------------------------    -------------------
    SLICE_X54Y5          FDCE (Prop_fdce_C_Q)         0.254     5.021 r  spi_ctrl/spi_engine/sclk_reg/Q
                         net (fo=2, routed)           2.169     7.190    spi_sclk_OBUF
    AH21                 OBUF (Prop_obuf_I_O)         2.232     9.422 r  spi_sclk_OBUF_inst/O
                         net (fo=0)                   0.000     9.422    spi_sclk
    AH21                                                              r  spi_sclk
  -------------------------------------------------------------------    -------------------

Slack:                    inf
  Source:                 spi_ctrl/spi_engine/mosi_reg/C
                            (rising edge-triggered cell FDCE clocked by clk  {rise@0.000ns fall@3.333ns period=6.666ns})
  Destination:            spi_mosi
                            (output port)
  Path Group:             (none)
  Path Type:              Max at Slow Process Corner
  Data Path Delay:        4.540ns  (logic 2.474ns (54.489%)  route 2.066ns (45.511%))
  Logic Levels:           1  (OBUF=1)
  Clock Uncertainty:      0.025ns  ((TSJ^2 + TIJ^2)^1/2 + DJ) / 2 + PE
    Total System Jitter     (TSJ):    0.050ns
    Total Input Jitter      (TIJ):    0.000ns
    Discrete Jitter          (DJ):    0.000ns
    Phase Error              (PE):    0.000ns

    Location             Delay type                Incr(ns)  Path(ns)    Netlist Resource(s)
  -------------------------------------------------------------------    -------------------
                         (clock clk rise edge)        0.000     0.000 r  <hidden>
    AE23                                              0.000     0.000 r  clk
                         net (fo=0)                   0.000     0.000    clk
    AE23                 IBUF (Prop_ibuf_I_O)         0.710     0.710 r  clk_IBUF_inst/O
                         net (fo=1, routed)           2.413     3.123    clk_IBUF
    BUFGCTRL_X0Y0        BUFG (Prop_bufg_I_O)         0.080     3.203 r  clk_IBUF_BUFG_inst/O
                         net (fo=1600, routed)        1.563     4.766    spi_ctrl/spi_engine/clk_IBUF_BUFG
    SLICE_X52Y6          FDCE                                         r  spi_ctrl/spi_engine/mosi_reg/C
  -------------------------------------------------------------------    -------------------
    SLICE_X52Y6          FDCE (Prop_fdce_C_Q)         0.254     5.020 r  spi_ctrl/spi_engine/mosi_reg/Q
                         net (fo=1, routed)           2.066     7.086    spi_mosi_OBUF
    AJ21                 OBUF (Prop_obuf_I_O)         2.220     9.305 r  spi_mosi_OBUF_inst/O
                         net (fo=0)                   0.000     9.305    spi_mosi
    AJ21                                                              r  spi_mosi
  -------------------------------------------------------------------    -------------------





Min Delay Paths
--------------------------------------------------------------------------------------
Slack:                    inf
  Source:                 spi_ctrl/spi_engine/mosi_reg/C
                            (rising edge-triggered cell FDCE clocked by clk  {rise@0.000ns fall@3.333ns period=6.666ns})
  Destination:            spi_mosi
                            (output port)
  Path Group:             (none)
  Path Type:              Min at Fast Process Corner
  Data Path Delay:        2.346ns  (logic 1.395ns (59.457%)  route 0.951ns (40.543%))
  Logic Levels:           1  (OBUF=1)
  Clock Uncertainty:      0.025ns  ((TSJ^2 + TIJ^2)^1/2 + DJ) / 2 + PE
    Total System Jitter     (TSJ):    0.050ns
    Total Input Jitter      (TIJ):    0.000ns
    Discrete Jitter          (DJ):    0.000ns
    Phase Error              (PE):    0.000ns

    Location             Delay type                Incr(ns)  Path(ns)    Netlist Resource(s)
  -------------------------------------------------------------------    -------------------
                         (clock clk rise edge)        0.000     0.000 r  <hidden>
    AE23                                              0.000     0.000 r  clk
                         net (fo=0)                   0.000     0.000    clk
    AE23                 IBUF (Prop_ibuf_I_O)         0.073     0.073 r  clk_IBUF_inst/O
                         net (fo=1, routed)           1.278     1.351    clk_IBUF
    BUFGCTRL_X0Y0        BUFG (Prop_bufg_I_O)         0.026     1.377 r  clk_IBUF_BUFG_inst/O
                         net (fo=1600, routed)        0.700     2.077    spi_ctrl/spi_engine/clk_IBUF_BUFG
    SLICE_X52Y6          FDCE                                         r  spi_ctrl/spi_engine/mosi_reg/C
  -------------------------------------------------------------------    -------------------
    SLICE_X52Y6          FDCE (Prop_fdce_C_Q)         0.118     2.195 r  spi_ctrl/spi_engine/mosi_reg/Q
                         net (fo=1, routed)           0.951     3.146    spi_mosi_OBUF
    AJ21                 OBUF (Prop_obuf_I_O)         1.277     4.423 r  spi_mosi_OBUF_inst/O
                         net (fo=0)                   0.000     4.423    spi_mosi
    AJ21                                                              r  spi_mosi
  -------------------------------------------------------------------    -------------------

Slack:                    inf
  Source:                 spi_ctrl/spi_engine/sclk_reg/C
                            (rising edge-triggered cell FDCE clocked by clk  {rise@0.000ns fall@3.333ns period=6.666ns})
  Destination:            spi_sclk
                            (output port)
  Path Group:             (none)
  Path Type:              Min at Fast Process Corner
  Data Path Delay:        2.419ns  (logic 1.407ns (58.181%)  route 1.011ns (41.819%))
  Logic Levels:           1  (OBUF=1)
  Clock Uncertainty:      0.025ns  ((TSJ^2 + TIJ^2)^1/2 + DJ) / 2 + PE
    Total System Jitter     (TSJ):    0.050ns
    Total Input Jitter      (TIJ):    0.000ns
    Discrete Jitter          (DJ):    0.000ns
    Phase Error              (PE):    0.000ns

    Location             Delay type                Incr(ns)  Path(ns)    Netlist Resource(s)
  -------------------------------------------------------------------    -------------------
                         (clock clk rise edge)        0.000     0.000 r  <hidden>
    AE23                                              0.000     0.000 r  clk
                         net (fo=0)                   0.000     0.000    clk
    AE23                 IBUF (Prop_ibuf_I_O)         0.073     0.073 r  clk_IBUF_inst/O
                         net (fo=1, routed)           1.278     1.351    clk_IBUF
    BUFGCTRL_X0Y0        BUFG (Prop_bufg_I_O)         0.026     1.377 r  clk_IBUF_BUFG_inst/O
                         net (fo=1600, routed)        0.699     2.076    spi_ctrl/spi_engine/clk_IBUF_BUFG
    SLICE_X54Y5          FDCE                                         r  spi_ctrl/spi_engine/sclk_reg/C
  -------------------------------------------------------------------    -------------------
    SLICE_X54Y5          FDCE (Prop_fdce_C_Q)         0.118     2.194 r  spi_ctrl/spi_engine/sclk_reg/Q
                         net (fo=2, routed)           1.011     3.205    spi_sclk_OBUF
    AH21                 OBUF (Prop_obuf_I_O)         1.289     4.495 r  spi_sclk_OBUF_inst/O
                         net (fo=0)                   0.000     4.495    spi_sclk
    AH21                                                              r  spi_sclk
  -------------------------------------------------------------------    -------------------

Slack:                    inf
  Source:                 spi_ctrl/spi_engine/cs_n_reg/C
                            (rising edge-triggered cell FDPE clocked by clk  {rise@0.000ns fall@3.333ns period=6.666ns})
  Destination:            spi_cs_n
                            (output port)
  Path Group:             (none)
  Path Type:              Min at Fast Process Corner
  Data Path Delay:        2.425ns  (logic 1.403ns (57.840%)  route 1.022ns (42.160%))
  Logic Levels:           1  (OBUF=1)
  Clock Uncertainty:      0.025ns  ((TSJ^2 + TIJ^2)^1/2 + DJ) / 2 + PE
    Total System Jitter     (TSJ):    0.050ns
    Total Input Jitter      (TIJ):    0.000ns
    Discrete Jitter          (DJ):    0.000ns
    Phase Error              (PE):    0.000ns

    Location             Delay type                Incr(ns)  Path(ns)    Netlist Resource(s)
  -------------------------------------------------------------------    -------------------
                         (clock clk rise edge)        0.000     0.000 r  <hidden>
    AE23                                              0.000     0.000 r  clk
                         net (fo=0)                   0.000     0.000    clk
    AE23                 IBUF (Prop_ibuf_I_O)         0.073     0.073 r  clk_IBUF_inst/O
                         net (fo=1, routed)           1.278     1.351    clk_IBUF
    BUFGCTRL_X0Y0        BUFG (Prop_bufg_I_O)         0.026     1.377 r  clk_IBUF_BUFG_inst/O
                         net (fo=1600, routed)        0.699     2.076    spi_ctrl/spi_engine/clk_IBUF_BUFG
    SLICE_X54Y6          FDPE                                         r  spi_ctrl/spi_engine/cs_n_reg/C
  -------------------------------------------------------------------    -------------------
    SLICE_X54Y6          FDPE (Prop_fdpe_C_Q)         0.118     2.194 r  spi_ctrl/spi_engine/cs_n_reg/Q
                         net (fo=1, routed)           1.022     3.216    spi_cs_n_OBUF
    AK20                 OBUF (Prop_obuf_I_O)         1.285     4.501 r  spi_cs_n_OBUF_inst/O
                         net (fo=0)                   0.000     4.501    spi_cs_n
    AK20                                                              r  spi_cs_n
  -------------------------------------------------------------------    -------------------





--------------------------------------------------------------------------------------
Path Group:  (none)
From Clock:  
  To Clock:  clk

Max Delay          1029 Endpoints
Min Delay          1029 Endpoints
--------------------------------------------------------------------------------------


Max Delay Paths
--------------------------------------------------------------------------------------
Slack:                    inf
  Source:                 rst_n
                            (input port)
  Destination:            u_icache/valid_array_reg[1]/CLR
                            (recovery check against rising-edge clock clk  {rise@0.000ns fall@3.333ns period=6.666ns})
  Path Group:             (none)
  Path Type:              Recovery (Max at Slow Process Corner)
  Data Path Delay:        5.238ns  (logic 0.724ns (13.827%)  route 4.514ns (86.173%))
  Logic Levels:           2  (IBUF=1 LUT1=1)
  Clock Path Skew:        4.507ns (DCD - SCD + CPR)
    Destination Clock Delay (DCD):    4.507ns
    Source Clock Delay      (SCD):    0.000ns
    Clock Pessimism Removal (CPR):    0.000ns
  Clock Uncertainty:      0.025ns  ((TSJ^2 + TIJ^2)^1/2 + DJ) / 2 + PE
    Total System Jitter     (TSJ):    0.050ns
    Total Input Jitter      (TIJ):    0.000ns
    Discrete Jitter          (DJ):    0.000ns
    Phase Error              (PE):    0.000ns

    Location             Delay type                Incr(ns)  Path(ns)    Netlist Resource(s)
  -------------------------------------------------------------------    -------------------
    AE20                                              0.000     0.000 r  rst_n
                         net (fo=0)                   0.000     0.000    rst_n
    AE20                 IBUF (Prop_ibuf_I_O)         0.675     0.675 r  rst_n_IBUF_inst/O
                         net (fo=10, routed)          1.445     2.120    u_decode/rst_n_IBUF
    SLICE_X28Y6          LUT1 (Prop_lut1_I0_O)        0.049     2.169 f  u_decode/id_ex_pc[31]_i_3/O
                         net (fo=598, routed)         3.069     5.238    u_icache/valid_array_reg[63]_0
    SLICE_X40Y18         FDCE                                         f  u_icache/valid_array_reg[1]/CLR
  -------------------------------------------------------------------    -------------------

                         (clock clk rise edge)        0.000     0.000 r  <hidden>
    AE23                                              0.000     0.000 r  clk
                         net (fo=0)                   0.000     0.000    clk
    AE23                 IBUF (Prop_ibuf_I_O)         0.635     0.635 r  clk_IBUF_inst/O
                         net (fo=1, routed)           2.314     2.949    clk_IBUF
    BUFGCTRL_X0Y0        BUFG (Prop_bufg_I_O)         0.072     3.021 r  clk_IBUF_BUFG_inst/O
                         net (fo=1600, routed)        1.486     4.507    u_icache/clk_IBUF_BUFG
    SLICE_X40Y18         FDCE                                         r  u_icache/valid_array_reg[1]/C

Slack:                    inf
  Source:                 rst_n
                            (input port)
  Destination:            u_icache/valid_array_reg[13]/CLR
                            (recovery check against rising-edge clock clk  {rise@0.000ns fall@3.333ns period=6.666ns})
  Path Group:             (none)
  Path Type:              Recovery (Max at Slow Process Corner)
  Data Path Delay:        5.236ns  (logic 0.724ns (13.832%)  route 4.512ns (86.168%))
  Logic Levels:           2  (IBUF=1 LUT1=1)
  Clock Path Skew:        4.507ns (DCD - SCD + CPR)
    Destination Clock Delay (DCD):    4.507ns
    Source Clock Delay      (SCD):    0.000ns
    Clock Pessimism Removal (CPR):    0.000ns
  Clock Uncertainty:      0.025ns  ((TSJ^2 + TIJ^2)^1/2 + DJ) / 2 + PE
    Total System Jitter     (TSJ):    0.050ns
    Total Input Jitter      (TIJ):    0.000ns
    Discrete Jitter          (DJ):    0.000ns
    Phase Error              (PE):    0.000ns

    Location             Delay type                Incr(ns)  Path(ns)    Netlist Resource(s)
  -------------------------------------------------------------------    -------------------
    AE20                                              0.000     0.000 r  rst_n
                         net (fo=0)                   0.000     0.000    rst_n
    AE20                 IBUF (Prop_ibuf_I_O)         0.675     0.675 r  rst_n_IBUF_inst/O
                         net (fo=10, routed)          1.445     2.120    u_decode/rst_n_IBUF
    SLICE_X28Y6          LUT1 (Prop_lut1_I0_O)        0.049     2.169 f  u_decode/id_ex_pc[31]_i_3/O
                         net (fo=598, routed)         3.068     5.236    u_icache/valid_array_reg[63]_0
    SLICE_X41Y18         FDCE                                         f  u_icache/valid_array_reg[13]/CLR
  -------------------------------------------------------------------    -------------------

                         (clock clk rise edge)        0.000     0.000 r  <hidden>
    AE23                                              0.000     0.000 r  clk
                         net (fo=0)                   0.000     0.000    clk
    AE23                 IBUF (Prop_ibuf_I_O)         0.635     0.635 r  clk_IBUF_inst/O
                         net (fo=1, routed)           2.314     2.949    clk_IBUF
    BUFGCTRL_X0Y0        BUFG (Prop_bufg_I_O)         0.072     3.021 r  clk_IBUF_BUFG_inst/O
                         net (fo=1600, routed)        1.486     4.507    u_icache/clk_IBUF_BUFG
    SLICE_X41Y18         FDCE                                         r  u_icache/valid_array_reg[13]/C

Slack:                    inf
  Source:                 rst_n
                            (input port)
  Destination:            u_icache/valid_array_reg[5]/CLR
                            (recovery check against rising-edge clock clk  {rise@0.000ns fall@3.333ns period=6.666ns})
  Path Group:             (none)
  Path Type:              Recovery (Max at Slow Process Corner)
  Data Path Delay:        5.236ns  (logic 0.724ns (13.832%)  route 4.512ns (86.168%))
  Logic Levels:           2  (IBUF=1 LUT1=1)
  Clock Path Skew:        4.507ns (DCD - SCD + CPR)
    Destination Clock Delay (DCD):    4.507ns
    Source Clock Delay      (SCD):    0.000ns
    Clock Pessimism Removal (CPR):    0.000ns
  Clock Uncertainty:      0.025ns  ((TSJ^2 + TIJ^2)^1/2 + DJ) / 2 + PE
    Total System Jitter     (TSJ):    0.050ns
    Total Input Jitter      (TIJ):    0.000ns
    Discrete Jitter          (DJ):    0.000ns
    Phase Error              (PE):    0.000ns

    Location             Delay type                Incr(ns)  Path(ns)    Netlist Resource(s)
  -------------------------------------------------------------------    -------------------
    AE20                                              0.000     0.000 r  rst_n
                         net (fo=0)                   0.000     0.000    rst_n
    AE20                 IBUF (Prop_ibuf_I_O)         0.675     0.675 r  rst_n_IBUF_inst/O
                         net (fo=10, routed)          1.445     2.120    u_decode/rst_n_IBUF
    SLICE_X28Y6          LUT1 (Prop_lut1_I0_O)        0.049     2.169 f  u_decode/id_ex_pc[31]_i_3/O
                         net (fo=598, routed)         3.068     5.236    u_icache/valid_array_reg[63]_0
    SLICE_X41Y18         FDCE                                         f  u_icache/valid_array_reg[5]/CLR
  -------------------------------------------------------------------    -------------------

                         (clock clk rise edge)        0.000     0.000 r  <hidden>
    AE23                                              0.000     0.000 r  clk
                         net (fo=0)                   0.000     0.000    clk
    AE23                 IBUF (Prop_ibuf_I_O)         0.635     0.635 r  clk_IBUF_inst/O
                         net (fo=1, routed)           2.314     2.949    clk_IBUF
    BUFGCTRL_X0Y0        BUFG (Prop_bufg_I_O)         0.072     3.021 r  clk_IBUF_BUFG_inst/O
                         net (fo=1600, routed)        1.486     4.507    u_icache/clk_IBUF_BUFG
    SLICE_X41Y18         FDCE                                         r  u_icache/valid_array_reg[5]/C

Slack:                    inf
  Source:                 rst_n
                            (input port)
  Destination:            u_icache/valid_array_reg[9]/CLR
                            (recovery check against rising-edge clock clk  {rise@0.000ns fall@3.333ns period=6.666ns})
  Path Group:             (none)
  Path Type:              Recovery (Max at Slow Process Corner)
  Data Path Delay:        5.236ns  (logic 0.724ns (13.832%)  route 4.512ns (86.168%))
  Logic Levels:           2  (IBUF=1 LUT1=1)
  Clock Path Skew:        4.507ns (DCD - SCD + CPR)
    Destination Clock Delay (DCD):    4.507ns
    Source Clock Delay      (SCD):    0.000ns
    Clock Pessimism Removal (CPR):    0.000ns
  Clock Uncertainty:      0.025ns  ((TSJ^2 + TIJ^2)^1/2 + DJ) / 2 + PE
    Total System Jitter     (TSJ):    0.050ns
    Total Input Jitter      (TIJ):    0.000ns
    Discrete Jitter          (DJ):    0.000ns
    Phase Error              (PE):    0.000ns

    Location             Delay type                Incr(ns)  Path(ns)    Netlist Resource(s)
  -------------------------------------------------------------------    -------------------
    AE20                                              0.000     0.000 r  rst_n
                         net (fo=0)                   0.000     0.000    rst_n
    AE20                 IBUF (Prop_ibuf_I_O)         0.675     0.675 r  rst_n_IBUF_inst/O
                         net (fo=10, routed)          1.445     2.120    u_decode/rst_n_IBUF
    SLICE_X28Y6          LUT1 (Prop_lut1_I0_O)        0.049     2.169 f  u_decode/id_ex_pc[31]_i_3/O
                         net (fo=598, routed)         3.068     5.236    u_icache/valid_array_reg[63]_0
    SLICE_X41Y18         FDCE                                         f  u_icache/valid_array_reg[9]/CLR
  -------------------------------------------------------------------    -------------------

                         (clock clk rise edge)        0.000     0.000 r  <hidden>
    AE23                                              0.000     0.000 r  clk
                         net (fo=0)                   0.000     0.000    clk
    AE23                 IBUF (Prop_ibuf_I_O)         0.635     0.635 r  clk_IBUF_inst/O
                         net (fo=1, routed)           2.314     2.949    clk_IBUF
    BUFGCTRL_X0Y0        BUFG (Prop_bufg_I_O)         0.072     3.021 r  clk_IBUF_BUFG_inst/O
                         net (fo=1600, routed)        1.486     4.507    u_icache/clk_IBUF_BUFG
    SLICE_X41Y18         FDCE                                         r  u_icache/valid_array_reg[9]/C

Slack:                    inf
  Source:                 rst_n
                            (input port)
  Destination:            u_icache/valid_array_reg[58]/CLR
                            (recovery check against rising-edge clock clk  {rise@0.000ns fall@3.333ns period=6.666ns})
  Path Group:             (none)
  Path Type:              Recovery (Max at Slow Process Corner)
  Data Path Delay:        5.067ns  (logic 0.724ns (14.295%)  route 4.342ns (85.705%))
  Logic Levels:           2  (IBUF=1 LUT1=1)
  Clock Path Skew:        4.509ns (DCD - SCD + CPR)
    Destination Clock Delay (DCD):    4.509ns
    Source Clock Delay      (SCD):    0.000ns
    Clock Pessimism Removal (CPR):    0.000ns
  Clock Uncertainty:      0.025ns  ((TSJ^2 + TIJ^2)^1/2 + DJ) / 2 + PE
    Total System Jitter     (TSJ):    0.050ns
    Total Input Jitter      (TIJ):    0.000ns
    Discrete Jitter          (DJ):    0.000ns
    Phase Error              (PE):    0.000ns

    Location             Delay type                Incr(ns)  Path(ns)    Netlist Resource(s)
  -------------------------------------------------------------------    -------------------
    AE20                                              0.000     0.000 r  rst_n
                         net (fo=0)                   0.000     0.000    rst_n
    AE20                 IBUF (Prop_ibuf_I_O)         0.675     0.675 r  rst_n_IBUF_inst/O
                         net (fo=10, routed)          1.445     2.120    u_decode/rst_n_IBUF
    SLICE_X28Y6          LUT1 (Prop_lut1_I0_O)        0.049     2.169 f  u_decode/id_ex_pc[31]_i_3/O
                         net (fo=598, routed)         2.898     5.067    u_icache/valid_array_reg[63]_0
    SLICE_X39Y16         FDCE                                         f  u_icache/valid_array_reg[58]/CLR
  -------------------------------------------------------------------    -------------------

                         (clock clk rise edge)        0.000     0.000 r  <hidden>
    AE23                                              0.000     0.000 r  clk
                         net (fo=0)                   0.000     0.000    clk
    AE23                 IBUF (Prop_ibuf_I_O)         0.635     0.635 r  clk_IBUF_inst/O
                         net (fo=1, routed)           2.314     2.949    clk_IBUF
    BUFGCTRL_X0Y0        BUFG (Prop_bufg_I_O)         0.072     3.021 r  clk_IBUF_BUFG_inst/O
                         net (fo=1600, routed)        1.488     4.509    u_icache/clk_IBUF_BUFG
    SLICE_X39Y16         FDCE                                         r  u_icache/valid_array_reg[58]/C

Slack:                    inf
  Source:                 rst_n
                            (input port)
  Destination:            u_icache/valid_array_reg[59]/CLR
                            (recovery check against rising-edge clock clk  {rise@0.000ns fall@3.333ns period=6.666ns})
  Path Group:             (none)
  Path Type:              Recovery (Max at Slow Process Corner)
  Data Path Delay:        5.067ns  (logic 0.724ns (14.295%)  route 4.342ns (85.705%))
  Logic Levels:           2  (IBUF=1 LUT1=1)
  Clock Path Skew:        4.509ns (DCD - SCD + CPR)
    Destination Clock Delay (DCD):    4.509ns
    Source Clock Delay      (SCD):    0.000ns
    Clock Pessimism Removal (CPR):    0.000ns
  Clock Uncertainty:      0.025ns  ((TSJ^2 + TIJ^2)^1/2 + DJ) / 2 + PE
    Total System Jitter     (TSJ):    0.050ns
    Total Input Jitter      (TIJ):    0.000ns
    Discrete Jitter          (DJ):    0.000ns
    Phase Error              (PE):    0.000ns

    Location             Delay type                Incr(ns)  Path(ns)    Netlist Resource(s)
  -------------------------------------------------------------------    -------------------
    AE20                                              0.000     0.000 r  rst_n
                         net (fo=0)                   0.000     0.000    rst_n
    AE20                 IBUF (Prop_ibuf_I_O)         0.675     0.675 r  rst_n_IBUF_inst/O
                         net (fo=10, routed)          1.445     2.120    u_decode/rst_n_IBUF
    SLICE_X28Y6          LUT1 (Prop_lut1_I0_O)        0.049     2.169 f  u_decode/id_ex_pc[31]_i_3/O
                         net (fo=598, routed)         2.898     5.067    u_icache/valid_array_reg[63]_0
    SLICE_X39Y16         FDCE                                         f  u_icache/valid_array_reg[59]/CLR
  -------------------------------------------------------------------    -------------------

                         (clock clk rise edge)        0.000     0.000 r  <hidden>
    AE23                                              0.000     0.000 r  clk
                         net (fo=0)                   0.000     0.000    clk
    AE23                 IBUF (Prop_ibuf_I_O)         0.635     0.635 r  clk_IBUF_inst/O
                         net (fo=1, routed)           2.314     2.949    clk_IBUF
    BUFGCTRL_X0Y0        BUFG (Prop_bufg_I_O)         0.072     3.021 r  clk_IBUF_BUFG_inst/O
                         net (fo=1600, routed)        1.488     4.509    u_icache/clk_IBUF_BUFG
    SLICE_X39Y16         FDCE                                         r  u_icache/valid_array_reg[59]/C

Slack:                    inf
  Source:                 rst_n
                            (input port)
  Destination:            u_icache/valid_array_reg[62]/CLR
                            (recovery check against rising-edge clock clk  {rise@0.000ns fall@3.333ns period=6.666ns})
  Path Group:             (none)
  Path Type:              Recovery (Max at Slow Process Corner)
  Data Path Delay:        5.067ns  (logic 0.724ns (14.295%)  route 4.342ns (85.705%))
  Logic Levels:           2  (IBUF=1 LUT1=1)
  Clock Path Skew:        4.509ns (DCD - SCD + CPR)
    Destination Clock Delay (DCD):    4.509ns
    Source Clock Delay      (SCD):    0.000ns
    Clock Pessimism Removal (CPR):    0.000ns
  Clock Uncertainty:      0.025ns  ((TSJ^2 + TIJ^2)^1/2 + DJ) / 2 + PE
    Total System Jitter     (TSJ):    0.050ns
    Total Input Jitter      (TIJ):    0.000ns
    Discrete Jitter          (DJ):    0.000ns
    Phase Error              (PE):    0.000ns

    Location             Delay type                Incr(ns)  Path(ns)    Netlist Resource(s)
  -------------------------------------------------------------------    -------------------
    AE20                                              0.000     0.000 r  rst_n
                         net (fo=0)                   0.000     0.000    rst_n
    AE20                 IBUF (Prop_ibuf_I_O)         0.675     0.675 r  rst_n_IBUF_inst/O
                         net (fo=10, routed)          1.445     2.120    u_decode/rst_n_IBUF
    SLICE_X28Y6          LUT1 (Prop_lut1_I0_O)        0.049     2.169 f  u_decode/id_ex_pc[31]_i_3/O
                         net (fo=598, routed)         2.898     5.067    u_icache/valid_array_reg[63]_0
    SLICE_X39Y16         FDCE                                         f  u_icache/valid_array_reg[62]/CLR
  -------------------------------------------------------------------    -------------------

                         (clock clk rise edge)        0.000     0.000 r  <hidden>
    AE23                                              0.000     0.000 r  clk
                         net (fo=0)                   0.000     0.000    clk
    AE23                 IBUF (Prop_ibuf_I_O)         0.635     0.635 r  clk_IBUF_inst/O
                         net (fo=1, routed)           2.314     2.949    clk_IBUF
    BUFGCTRL_X0Y0        BUFG (Prop_bufg_I_O)         0.072     3.021 r  clk_IBUF_BUFG_inst/O
                         net (fo=1600, routed)        1.488     4.509    u_icache/clk_IBUF_BUFG
    SLICE_X39Y16         FDCE                                         r  u_icache/valid_array_reg[62]/C

Slack:                    inf
  Source:                 rst_n
                            (input port)
  Destination:            u_icache/valid_array_reg[49]/CLR
                            (recovery check against rising-edge clock clk  {rise@0.000ns fall@3.333ns period=6.666ns})
  Path Group:             (none)
  Path Type:              Recovery (Max at Slow Process Corner)
  Data Path Delay:        5.057ns  (logic 0.724ns (14.324%)  route 4.332ns (85.676%))
  Logic Levels:           2  (IBUF=1 LUT1=1)
  Clock Path Skew:        4.508ns (DCD - SCD + CPR)
    Destination Clock Delay (DCD):    4.508ns
    Source Clock Delay      (SCD):    0.000ns
    Clock Pessimism Removal (CPR):    0.000ns
  Clock Uncertainty:      0.025ns  ((TSJ^2 + TIJ^2)^1/2 + DJ) / 2 + PE
    Total System Jitter     (TSJ):    0.050ns
    Total Input Jitter      (TIJ):    0.000ns
    Discrete Jitter          (DJ):    0.000ns
    Phase Error              (PE):    0.000ns

    Location             Delay type                Incr(ns)  Path(ns)    Netlist Resource(s)
  -------------------------------------------------------------------    -------------------
    AE20                                              0.000     0.000 r  rst_n
                         net (fo=0)                   0.000     0.000    rst_n
    AE20                 IBUF (Prop_ibuf_I_O)         0.675     0.675 r  rst_n_IBUF_inst/O
                         net (fo=10, routed)          1.445     2.120    u_decode/rst_n_IBUF
    SLICE_X28Y6          LUT1 (Prop_lut1_I0_O)        0.049     2.169 f  u_decode/id_ex_pc[31]_i_3/O
                         net (fo=598, routed)         2.888     5.057    u_icache/valid_array_reg[63]_0
    SLICE_X40Y17         FDCE                                         f  u_icache/valid_array_reg[49]/CLR
  -------------------------------------------------------------------    -------------------

                         (clock clk rise edge)        0.000     0.000 r  <hidden>
    AE23                                              0.000     0.000 r  clk
                         net (fo=0)                   0.000     0.000    clk
    AE23                 IBUF (Prop_ibuf_I_O)         0.635     0.635 r  clk_IBUF_inst/O
                         net (fo=1, routed)           2.314     2.949    clk_IBUF
    BUFGCTRL_X0Y0        BUFG (Prop_bufg_I_O)         0.072     3.021 r  clk_IBUF_BUFG_inst/O
                         net (fo=1600, routed)        1.487     4.508    u_icache/clk_IBUF_BUFG
    SLICE_X40Y17         FDCE                                         r  u_icache/valid_array_reg[49]/C

Slack:                    inf
  Source:                 rst_n
                            (input port)
  Destination:            u_icache/valid_array_reg[55]/CLR
                            (recovery check against rising-edge clock clk  {rise@0.000ns fall@3.333ns period=6.666ns})
  Path Group:             (none)
  Path Type:              Recovery (Max at Slow Process Corner)
  Data Path Delay:        5.057ns  (logic 0.724ns (14.324%)  route 4.332ns (85.676%))
  Logic Levels:           2  (IBUF=1 LUT1=1)
  Clock Path Skew:        4.508ns (DCD - SCD + CPR)
    Destination Clock Delay (DCD):    4.508ns
    Source Clock Delay      (SCD):    0.000ns
    Clock Pessimism Removal (CPR):    0.000ns
  Clock Uncertainty:      0.025ns  ((TSJ^2 + TIJ^2)^1/2 + DJ) / 2 + PE
    Total System Jitter     (TSJ):    0.050ns
    Total Input Jitter      (TIJ):    0.000ns
    Discrete Jitter          (DJ):    0.000ns
    Phase Error              (PE):    0.000ns

    Location             Delay type                Incr(ns)  Path(ns)    Netlist Resource(s)
  -------------------------------------------------------------------    -------------------
    AE20                                              0.000     0.000 r  rst_n
                         net (fo=0)                   0.000     0.000    rst_n
    AE20                 IBUF (Prop_ibuf_I_O)         0.675     0.675 r  rst_n_IBUF_inst/O
                         net (fo=10, routed)          1.445     2.120    u_decode/rst_n_IBUF
    SLICE_X28Y6          LUT1 (Prop_lut1_I0_O)        0.049     2.169 f  u_decode/id_ex_pc[31]_i_3/O
                         net (fo=598, routed)         2.888     5.057    u_icache/valid_array_reg[63]_0
    SLICE_X40Y17         FDCE                                         f  u_icache/valid_array_reg[55]/CLR
  -------------------------------------------------------------------    -------------------

                         (clock clk rise edge)        0.000     0.000 r  <hidden>
    AE23                                              0.000     0.000 r  clk
                         net (fo=0)                   0.000     0.000    clk
    AE23                 IBUF (Prop_ibuf_I_O)         0.635     0.635 r  clk_IBUF_inst/O
                         net (fo=1, routed)           2.314     2.949    clk_IBUF
    BUFGCTRL_X0Y0        BUFG (Prop_bufg_I_O)         0.072     3.021 r  clk_IBUF_BUFG_inst/O
                         net (fo=1600, routed)        1.487     4.508    u_icache/clk_IBUF_BUFG
    SLICE_X40Y17         FDCE                                         r  u_icache/valid_array_reg[55]/C

Slack:                    inf
  Source:                 rst_n
                            (input port)
  Destination:            u_fetch/val_table_reg[135][0]/CLR
                            (recovery check against rising-edge clock clk  {rise@0.000ns fall@3.333ns period=6.666ns})
  Path Group:             (none)
  Path Type:              Recovery (Max at Slow Process Corner)
  Data Path Delay:        5.027ns  (logic 0.718ns (14.289%)  route 4.308ns (85.711%))
  Logic Levels:           2  (IBUF=1 LUT1=1)
  Clock Path Skew:        4.501ns (DCD - SCD + CPR)
    Destination Clock Delay (DCD):    4.501ns
    Source Clock Delay      (SCD):    0.000ns
    Clock Pessimism Removal (CPR):    0.000ns
  Clock Uncertainty:      0.025ns  ((TSJ^2 + TIJ^2)^1/2 + DJ) / 2 + PE
    Total System Jitter     (TSJ):    0.050ns
    Total Input Jitter      (TIJ):    0.000ns
    Discrete Jitter          (DJ):    0.000ns
    Phase Error              (PE):    0.000ns

    Location             Delay type                Incr(ns)  Path(ns)    Netlist Resource(s)
  -------------------------------------------------------------------    -------------------
    AE20                                              0.000     0.000 r  rst_n
                         net (fo=0)                   0.000     0.000    rst_n
    AE20                 IBUF (Prop_ibuf_I_O)         0.675     0.675 r  rst_n_IBUF_inst/O
                         net (fo=10, routed)          1.445     2.120    u_fetch/rst_n
    SLICE_X28Y6          LUT1 (Prop_lut1_I0_O)        0.043     2.163 f  u_fetch/pc_reg[31]_i_3/O
                         net (fo=366, routed)         2.864     5.027    u_fetch/pc_reg[31]_i_3_n_0
    SLICE_X39Y24         FDCE                                         f  u_fetch/val_table_reg[135][0]/CLR
  -------------------------------------------------------------------    -------------------

                         (clock clk rise edge)        0.000     0.000 r  <hidden>
    AE23                                              0.000     0.000 r  clk
                         net (fo=0)                   0.000     0.000    clk
    AE23                 IBUF (Prop_ibuf_I_O)         0.635     0.635 r  clk_IBUF_inst/O
                         net (fo=1, routed)           2.314     2.949    clk_IBUF
    BUFGCTRL_X0Y0        BUFG (Prop_bufg_I_O)         0.072     3.021 r  clk_IBUF_BUFG_inst/O
                         net (fo=1600, routed)        1.480     4.501    u_fetch/clk
    SLICE_X39Y24         FDCE                                         r  u_fetch/val_table_reg[135][0]/C





Min Delay Paths
--------------------------------------------------------------------------------------
Slack:                    inf
  Source:                 rst_n
                            (input port)
  Destination:            u_decode/id_ex_pc_reg[12]/CLR
                            (removal check against rising-edge clock clk  {rise@0.000ns fall@3.333ns period=6.666ns})
  Path Group:             (none)
  Path Type:              Removal (Min at Fast Process Corner)
  Data Path Delay:        1.021ns  (logic 0.068ns (6.653%)  route 0.953ns (93.347%))
  Logic Levels:           2  (IBUF=1 LUT1=1)
  Clock Path Skew:        2.702ns (DCD - SCD - CPR)
    Destination Clock Delay (DCD):    2.702ns
    Source Clock Delay      (SCD):    0.000ns
    Clock Pessimism Removal (CPR):    -0.000ns

    Location             Delay type                Incr(ns)  Path(ns)    Netlist Resource(s)
  -------------------------------------------------------------------    -------------------
    AE20                                              0.000     0.000 r  rst_n
                         net (fo=0)                   0.000     0.000    rst_n
    AE20                 IBUF (Prop_ibuf_I_O)         0.039     0.039 r  rst_n_IBUF_inst/O
                         net (fo=10, routed)          0.853     0.892    u_decode/rst_n_IBUF
    SLICE_X28Y6          LUT1 (Prop_lut1_I0_O)        0.029     0.921 f  u_decode/id_ex_pc[31]_i_3/O
                         net (fo=598, routed)         0.100     1.021    u_decode/rst_n
    SLICE_X29Y7          FDCE                                         f  u_decode/id_ex_pc_reg[12]/CLR
  -------------------------------------------------------------------    -------------------

                         (clock clk rise edge)        0.000     0.000 r  <hidden>
    AE23                                              0.000     0.000 r  clk
                         net (fo=0)                   0.000     0.000    clk
    AE23                 IBUF (Prop_ibuf_I_O)         0.321     0.321 r  clk_IBUF_inst/O
                         net (fo=1, routed)           1.351     1.672    clk_IBUF
    BUFGCTRL_X0Y0        BUFG (Prop_bufg_I_O)         0.030     1.702 r  clk_IBUF_BUFG_inst/O
                         net (fo=1600, routed)        1.000     2.702    u_decode/clk_IBUF_BUFG
    SLICE_X29Y7          FDCE                                         r  u_decode/id_ex_pc_reg[12]/C

Slack:                    inf
  Source:                 rst_n
                            (input port)
  Destination:            u_decode/id_ex_pc_reg[13]/CLR
                            (removal check against rising-edge clock clk  {rise@0.000ns fall@3.333ns period=6.666ns})
  Path Group:             (none)
  Path Type:              Removal (Min at Fast Process Corner)
  Data Path Delay:        1.021ns  (logic 0.068ns (6.653%)  route 0.953ns (93.347%))
  Logic Levels:           2  (IBUF=1 LUT1=1)
  Clock Path Skew:        2.702ns (DCD - SCD - CPR)
    Destination Clock Delay (DCD):    2.702ns
    Source Clock Delay      (SCD):    0.000ns
    Clock Pessimism Removal (CPR):    -0.000ns

    Location             Delay type                Incr(ns)  Path(ns)    Netlist Resource(s)
  -------------------------------------------------------------------    -------------------
    AE20                                              0.000     0.000 r  rst_n
                         net (fo=0)                   0.000     0.000    rst_n
    AE20                 IBUF (Prop_ibuf_I_O)         0.039     0.039 r  rst_n_IBUF_inst/O
                         net (fo=10, routed)          0.853     0.892    u_decode/rst_n_IBUF
    SLICE_X28Y6          LUT1 (Prop_lut1_I0_O)        0.029     0.921 f  u_decode/id_ex_pc[31]_i_3/O
                         net (fo=598, routed)         0.100     1.021    u_decode/rst_n
    SLICE_X29Y7          FDCE                                         f  u_decode/id_ex_pc_reg[13]/CLR
  -------------------------------------------------------------------    -------------------

                         (clock clk rise edge)        0.000     0.000 r  <hidden>
    AE23                                              0.000     0.000 r  clk
                         net (fo=0)                   0.000     0.000    clk
    AE23                 IBUF (Prop_ibuf_I_O)         0.321     0.321 r  clk_IBUF_inst/O
                         net (fo=1, routed)           1.351     1.672    clk_IBUF
    BUFGCTRL_X0Y0        BUFG (Prop_bufg_I_O)         0.030     1.702 r  clk_IBUF_BUFG_inst/O
                         net (fo=1600, routed)        1.000     2.702    u_decode/clk_IBUF_BUFG
    SLICE_X29Y7          FDCE                                         r  u_decode/id_ex_pc_reg[13]/C

Slack:                    inf
  Source:                 rst_n
                            (input port)
  Destination:            u_decode/id_ex_pc_reg[16]/CLR
                            (removal check against rising-edge clock clk  {rise@0.000ns fall@3.333ns period=6.666ns})
  Path Group:             (none)
  Path Type:              Removal (Min at Fast Process Corner)
  Data Path Delay:        1.021ns  (logic 0.068ns (6.653%)  route 0.953ns (93.347%))
  Logic Levels:           2  (IBUF=1 LUT1=1)
  Clock Path Skew:        2.702ns (DCD - SCD - CPR)
    Destination Clock Delay (DCD):    2.702ns
    Source Clock Delay      (SCD):    0.000ns
    Clock Pessimism Removal (CPR):    -0.000ns

    Location             Delay type                Incr(ns)  Path(ns)    Netlist Resource(s)
  -------------------------------------------------------------------    -------------------
    AE20                                              0.000     0.000 r  rst_n
                         net (fo=0)                   0.000     0.000    rst_n
    AE20                 IBUF (Prop_ibuf_I_O)         0.039     0.039 r  rst_n_IBUF_inst/O
                         net (fo=10, routed)          0.853     0.892    u_decode/rst_n_IBUF
    SLICE_X28Y6          LUT1 (Prop_lut1_I0_O)        0.029     0.921 f  u_decode/id_ex_pc[31]_i_3/O
                         net (fo=598, routed)         0.100     1.021    u_decode/rst_n
    SLICE_X29Y7          FDCE                                         f  u_decode/id_ex_pc_reg[16]/CLR
  -------------------------------------------------------------------    -------------------

                         (clock clk rise edge)        0.000     0.000 r  <hidden>
    AE23                                              0.000     0.000 r  clk
                         net (fo=0)                   0.000     0.000    clk
    AE23                 IBUF (Prop_ibuf_I_O)         0.321     0.321 r  clk_IBUF_inst/O
                         net (fo=1, routed)           1.351     1.672    clk_IBUF
    BUFGCTRL_X0Y0        BUFG (Prop_bufg_I_O)         0.030     1.702 r  clk_IBUF_BUFG_inst/O
                         net (fo=1600, routed)        1.000     2.702    u_decode/clk_IBUF_BUFG
    SLICE_X29Y7          FDCE                                         r  u_decode/id_ex_pc_reg[16]/C

Slack:                    inf
  Source:                 rst_n
                            (input port)
  Destination:            u_decode/id_ex_pc_reg[17]/CLR
                            (removal check against rising-edge clock clk  {rise@0.000ns fall@3.333ns period=6.666ns})
  Path Group:             (none)
  Path Type:              Removal (Min at Fast Process Corner)
  Data Path Delay:        1.021ns  (logic 0.068ns (6.653%)  route 0.953ns (93.347%))
  Logic Levels:           2  (IBUF=1 LUT1=1)
  Clock Path Skew:        2.702ns (DCD - SCD - CPR)
    Destination Clock Delay (DCD):    2.702ns
    Source Clock Delay      (SCD):    0.000ns
    Clock Pessimism Removal (CPR):    -0.000ns

    Location             Delay type                Incr(ns)  Path(ns)    Netlist Resource(s)
  -------------------------------------------------------------------    -------------------
    AE20                                              0.000     0.000 r  rst_n
                         net (fo=0)                   0.000     0.000    rst_n
    AE20                 IBUF (Prop_ibuf_I_O)         0.039     0.039 r  rst_n_IBUF_inst/O
                         net (fo=10, routed)          0.853     0.892    u_decode/rst_n_IBUF
    SLICE_X28Y6          LUT1 (Prop_lut1_I0_O)        0.029     0.921 f  u_decode/id_ex_pc[31]_i_3/O
                         net (fo=598, routed)         0.100     1.021    u_decode/rst_n
    SLICE_X29Y7          FDCE                                         f  u_decode/id_ex_pc_reg[17]/CLR
  -------------------------------------------------------------------    -------------------

                         (clock clk rise edge)        0.000     0.000 r  <hidden>
    AE23                                              0.000     0.000 r  clk
                         net (fo=0)                   0.000     0.000    clk
    AE23                 IBUF (Prop_ibuf_I_O)         0.321     0.321 r  clk_IBUF_inst/O
                         net (fo=1, routed)           1.351     1.672    clk_IBUF
    BUFGCTRL_X0Y0        BUFG (Prop_bufg_I_O)         0.030     1.702 r  clk_IBUF_BUFG_inst/O
                         net (fo=1600, routed)        1.000     2.702    u_decode/clk_IBUF_BUFG
    SLICE_X29Y7          FDCE                                         r  u_decode/id_ex_pc_reg[17]/C

Slack:                    inf
  Source:                 spi_miso
                            (input port)
  Destination:            spi_ctrl/spi_engine/rx_shift_reg[0]/D
                            (rising edge-triggered cell FDCE clocked by clk  {rise@0.000ns fall@3.333ns period=6.666ns})
  Path Group:             (none)
  Path Type:              Hold (Min at Fast Process Corner)
  Data Path Delay:        1.028ns  (logic 0.091ns (8.829%)  route 0.937ns (91.170%))
  Logic Levels:           1  (IBUF=1)
  Clock Path Skew:        2.660ns (DCD - SCD - CPR)
    Destination Clock Delay (DCD):    2.660ns
    Source Clock Delay      (SCD):    0.000ns
    Clock Pessimism Removal (CPR):    -0.000ns

    Location             Delay type                Incr(ns)  Path(ns)    Netlist Resource(s)
  -------------------------------------------------------------------    -------------------
    AK21                                              0.000     0.000 r  spi_miso
                         net (fo=0)                   0.000     0.000    spi_miso
    AK21                 IBUF (Prop_ibuf_I_O)         0.091     0.091 r  spi_miso_IBUF_inst/O
                         net (fo=1, routed)           0.937     1.028    spi_ctrl/spi_engine/D[0]
    SLICE_X51Y7          FDCE                                         r  spi_ctrl/spi_engine/rx_shift_reg[0]/D
  -------------------------------------------------------------------    -------------------

                         (clock clk rise edge)        0.000     0.000 r  <hidden>
    AE23                                              0.000     0.000 r  clk
                         net (fo=0)                   0.000     0.000    clk
    AE23                 IBUF (Prop_ibuf_I_O)         0.321     0.321 r  clk_IBUF_inst/O
                         net (fo=1, routed)           1.351     1.672    clk_IBUF
    BUFGCTRL_X0Y0        BUFG (Prop_bufg_I_O)         0.030     1.702 r  clk_IBUF_BUFG_inst/O
                         net (fo=1600, routed)        0.958     2.660    spi_ctrl/spi_engine/clk_IBUF_BUFG
    SLICE_X51Y7          FDCE                                         r  spi_ctrl/spi_engine/rx_shift_reg[0]/C

Slack:                    inf
  Source:                 rst_n
                            (input port)
  Destination:            u_decode/id_ex_rs2_data_reg[23]/CLR
                            (removal check against rising-edge clock clk  {rise@0.000ns fall@3.333ns period=6.666ns})
  Path Group:             (none)
  Path Type:              Removal (Min at Fast Process Corner)
  Data Path Delay:        1.067ns  (logic 0.068ns (6.363%)  route 0.999ns (93.637%))
  Logic Levels:           2  (IBUF=1 LUT1=1)
  Clock Path Skew:        2.702ns (DCD - SCD - CPR)
    Destination Clock Delay (DCD):    2.702ns
    Source Clock Delay      (SCD):    0.000ns
    Clock Pessimism Removal (CPR):    -0.000ns

    Location             Delay type                Incr(ns)  Path(ns)    Netlist Resource(s)
  -------------------------------------------------------------------    -------------------
    AE20                                              0.000     0.000 r  rst_n
                         net (fo=0)                   0.000     0.000    rst_n
    AE20                 IBUF (Prop_ibuf_I_O)         0.039     0.039 r  rst_n_IBUF_inst/O
                         net (fo=10, routed)          0.853     0.892    u_decode/rst_n_IBUF
    SLICE_X28Y6          LUT1 (Prop_lut1_I0_O)        0.029     0.921 f  u_decode/id_ex_pc[31]_i_3/O
                         net (fo=598, routed)         0.147     1.067    u_decode/rst_n
    SLICE_X29Y8          FDCE                                         f  u_decode/id_ex_rs2_data_reg[23]/CLR
  -------------------------------------------------------------------    -------------------

                         (clock clk rise edge)        0.000     0.000 r  <hidden>
    AE23                                              0.000     0.000 r  clk
                         net (fo=0)                   0.000     0.000    clk
    AE23                 IBUF (Prop_ibuf_I_O)         0.321     0.321 r  clk_IBUF_inst/O
                         net (fo=1, routed)           1.351     1.672    clk_IBUF
    BUFGCTRL_X0Y0        BUFG (Prop_bufg_I_O)         0.030     1.702 r  clk_IBUF_BUFG_inst/O
                         net (fo=1600, routed)        1.000     2.702    u_decode/clk_IBUF_BUFG
    SLICE_X29Y8          FDCE                                         r  u_decode/id_ex_rs2_data_reg[23]/C

Slack:                    inf
  Source:                 rst_n
                            (input port)
  Destination:            u_decode/id_ex_rs2_data_reg[25]/CLR
                            (removal check against rising-edge clock clk  {rise@0.000ns fall@3.333ns period=6.666ns})
  Path Group:             (none)
  Path Type:              Removal (Min at Fast Process Corner)
  Data Path Delay:        1.067ns  (logic 0.068ns (6.363%)  route 0.999ns (93.637%))
  Logic Levels:           2  (IBUF=1 LUT1=1)
  Clock Path Skew:        2.702ns (DCD - SCD - CPR)
    Destination Clock Delay (DCD):    2.702ns
    Source Clock Delay      (SCD):    0.000ns
    Clock Pessimism Removal (CPR):    -0.000ns

    Location             Delay type                Incr(ns)  Path(ns)    Netlist Resource(s)
  -------------------------------------------------------------------    -------------------
    AE20                                              0.000     0.000 r  rst_n
                         net (fo=0)                   0.000     0.000    rst_n
    AE20                 IBUF (Prop_ibuf_I_O)         0.039     0.039 r  rst_n_IBUF_inst/O
                         net (fo=10, routed)          0.853     0.892    u_decode/rst_n_IBUF
    SLICE_X28Y6          LUT1 (Prop_lut1_I0_O)        0.029     0.921 f  u_decode/id_ex_pc[31]_i_3/O
                         net (fo=598, routed)         0.147     1.067    u_decode/rst_n
    SLICE_X29Y8          FDCE                                         f  u_decode/id_ex_rs2_data_reg[25]/CLR
  -------------------------------------------------------------------    -------------------

                         (clock clk rise edge)        0.000     0.000 r  <hidden>
    AE23                                              0.000     0.000 r  clk
                         net (fo=0)                   0.000     0.000    clk
    AE23                 IBUF (Prop_ibuf_I_O)         0.321     0.321 r  clk_IBUF_inst/O
                         net (fo=1, routed)           1.351     1.672    clk_IBUF
    BUFGCTRL_X0Y0        BUFG (Prop_bufg_I_O)         0.030     1.702 r  clk_IBUF_BUFG_inst/O
                         net (fo=1600, routed)        1.000     2.702    u_decode/clk_IBUF_BUFG
    SLICE_X29Y8          FDCE                                         r  u_decode/id_ex_rs2_data_reg[25]/C

Slack:                    inf
  Source:                 rst_n
                            (input port)
  Destination:            u_decode/id_ex_pc_reg[18]/CLR
                            (removal check against rising-edge clock clk  {rise@0.000ns fall@3.333ns period=6.666ns})
  Path Group:             (none)
  Path Type:              Removal (Min at Fast Process Corner)
  Data Path Delay:        1.069ns  (logic 0.068ns (6.352%)  route 1.001ns (93.648%))
  Logic Levels:           2  (IBUF=1 LUT1=1)
  Clock Path Skew:        2.702ns (DCD - SCD - CPR)
    Destination Clock Delay (DCD):    2.702ns
    Source Clock Delay      (SCD):    0.000ns
    Clock Pessimism Removal (CPR):    -0.000ns

    Location             Delay type                Incr(ns)  Path(ns)    Netlist Resource(s)
  -------------------------------------------------------------------    -------------------
    AE20                                              0.000     0.000 r  rst_n
                         net (fo=0)                   0.000     0.000    rst_n
    AE20                 IBUF (Prop_ibuf_I_O)         0.039     0.039 r  rst_n_IBUF_inst/O
                         net (fo=10, routed)          0.853     0.892    u_decode/rst_n_IBUF
    SLICE_X28Y6          LUT1 (Prop_lut1_I0_O)        0.029     0.921 f  u_decode/id_ex_pc[31]_i_3/O
                         net (fo=598, routed)         0.149     1.069    u_decode/rst_n
    SLICE_X28Y8          FDCE                                         f  u_decode/id_ex_pc_reg[18]/CLR
  -------------------------------------------------------------------    -------------------

                         (clock clk rise edge)        0.000     0.000 r  <hidden>
    AE23                                              0.000     0.000 r  clk
                         net (fo=0)                   0.000     0.000    clk
    AE23                 IBUF (Prop_ibuf_I_O)         0.321     0.321 r  clk_IBUF_inst/O
                         net (fo=1, routed)           1.351     1.672    clk_IBUF
    BUFGCTRL_X0Y0        BUFG (Prop_bufg_I_O)         0.030     1.702 r  clk_IBUF_BUFG_inst/O
                         net (fo=1600, routed)        1.000     2.702    u_decode/clk_IBUF_BUFG
    SLICE_X28Y8          FDCE                                         r  u_decode/id_ex_pc_reg[18]/C

Slack:                    inf
  Source:                 rst_n
                            (input port)
  Destination:            u_decode/id_ex_pc_reg[19]/CLR
                            (removal check against rising-edge clock clk  {rise@0.000ns fall@3.333ns period=6.666ns})
  Path Group:             (none)
  Path Type:              Removal (Min at Fast Process Corner)
  Data Path Delay:        1.069ns  (logic 0.068ns (6.352%)  route 1.001ns (93.648%))
  Logic Levels:           2  (IBUF=1 LUT1=1)
  Clock Path Skew:        2.702ns (DCD - SCD - CPR)
    Destination Clock Delay (DCD):    2.702ns
    Source Clock Delay      (SCD):    0.000ns
    Clock Pessimism Removal (CPR):    -0.000ns

    Location             Delay type                Incr(ns)  Path(ns)    Netlist Resource(s)
  -------------------------------------------------------------------    -------------------
    AE20                                              0.000     0.000 r  rst_n
                         net (fo=0)                   0.000     0.000    rst_n
    AE20                 IBUF (Prop_ibuf_I_O)         0.039     0.039 r  rst_n_IBUF_inst/O
                         net (fo=10, routed)          0.853     0.892    u_decode/rst_n_IBUF
    SLICE_X28Y6          LUT1 (Prop_lut1_I0_O)        0.029     0.921 f  u_decode/id_ex_pc[31]_i_3/O
                         net (fo=598, routed)         0.149     1.069    u_decode/rst_n
    SLICE_X28Y8          FDCE                                         f  u_decode/id_ex_pc_reg[19]/CLR
  -------------------------------------------------------------------    -------------------

                         (clock clk rise edge)        0.000     0.000 r  <hidden>
    AE23                                              0.000     0.000 r  clk
                         net (fo=0)                   0.000     0.000    clk
    AE23                 IBUF (Prop_ibuf_I_O)         0.321     0.321 r  clk_IBUF_inst/O
                         net (fo=1, routed)           1.351     1.672    clk_IBUF
    BUFGCTRL_X0Y0        BUFG (Prop_bufg_I_O)         0.030     1.702 r  clk_IBUF_BUFG_inst/O
                         net (fo=1600, routed)        1.000     2.702    u_decode/clk_IBUF_BUFG
    SLICE_X28Y8          FDCE                                         r  u_decode/id_ex_pc_reg[19]/C

Slack:                    inf
  Source:                 rst_n
                            (input port)
  Destination:            u_decode/id_ex_rs1_data_reg[21]/CLR
                            (removal check against rising-edge clock clk  {rise@0.000ns fall@3.333ns period=6.666ns})
  Path Group:             (none)
  Path Type:              Removal (Min at Fast Process Corner)
  Data Path Delay:        1.069ns  (logic 0.068ns (6.352%)  route 1.001ns (93.648%))
  Logic Levels:           2  (IBUF=1 LUT1=1)
  Clock Path Skew:        2.702ns (DCD - SCD - CPR)
    Destination Clock Delay (DCD):    2.702ns
    Source Clock Delay      (SCD):    0.000ns
    Clock Pessimism Removal (CPR):    -0.000ns

    Location             Delay type                Incr(ns)  Path(ns)    Netlist Resource(s)
  -------------------------------------------------------------------    -------------------
    AE20                                              0.000     0.000 r  rst_n
                         net (fo=0)                   0.000     0.000    rst_n
    AE20                 IBUF (Prop_ibuf_I_O)         0.039     0.039 r  rst_n_IBUF_inst/O
                         net (fo=10, routed)          0.853     0.892    u_decode/rst_n_IBUF
    SLICE_X28Y6          LUT1 (Prop_lut1_I0_O)        0.029     0.921 f  u_decode/id_ex_pc[31]_i_3/O
                         net (fo=598, routed)         0.149     1.069    u_decode/rst_n
    SLICE_X28Y8          FDCE                                         f  u_decode/id_ex_rs1_data_reg[21]/CLR
  -------------------------------------------------------------------    -------------------

                         (clock clk rise edge)        0.000     0.000 r  <hidden>
    AE23                                              0.000     0.000 r  clk
                         net (fo=0)                   0.000     0.000    clk
    AE23                 IBUF (Prop_ibuf_I_O)         0.321     0.321 r  clk_IBUF_inst/O
                         net (fo=1, routed)           1.351     1.672    clk_IBUF
    BUFGCTRL_X0Y0        BUFG (Prop_bufg_I_O)         0.030     1.702 r  clk_IBUF_BUFG_inst/O
                         net (fo=1600, routed)        1.000     2.702    u_decode/clk_IBUF_BUFG
    SLICE_X28Y8          FDCE                                         r  u_decode/id_ex_rs1_data_reg[21]/C





