#! /usr/bin/vvp
:ivl_version "13.0 (stable)" "(v13_0)";
:ivl_delay_selection "TYPICAL";
:vpi_time_precision - 12;
:vpi_module "/usr/lib64/ivl/system.vpi";
:vpi_module "/usr/lib64/ivl/vhdl_sys.vpi";
:vpi_module "/usr/lib64/ivl/vhdl_textio.vpi";
:vpi_module "/usr/lib64/ivl/v2005_math.vpi";
:vpi_module "/usr/lib64/ivl/va_math.vpi";
S_0x55ef39375160 .scope module, "tb_risc" "tb_risc" 2 11;
 .timescale -9 -12;
L_0x55ef393ea6f0 .functor BUFZ 1, L_0x55ef393e3b30, C4<0>, C4<0>, C4<0>;
L_0x55ef393ea760 .functor BUFZ 5, L_0x55ef393e3a30, C4<00000>, C4<00000>, C4<00000>;
L_0x55ef393ea7d0 .functor BUFZ 32, v0x55ef393c4ba0_0, C4<00000000000000000000000000000000>, C4<00000000000000000000000000000000>, C4<00000000000000000000000000000000>;
L_0x55ef393ea950 .functor BUFZ 1, L_0x55ef393e0e00, C4<0>, C4<0>, C4<0>;
L_0x55ef393ea9c0 .functor BUFZ 1, L_0x55ef393e1590, C4<0>, C4<0>, C4<0>;
L_0x55ef393eaad0 .functor AND 1, v0x55ef393cbe30_0, L_0x55ef393eaa30, C4<1>, C4<1>;
L_0x55ef393eac30 .functor AND 1, L_0x55ef393eaad0, L_0x55ef393eab90, C4<1>, C4<1>;
v0x55ef393cb510_0 .net *"_ivl_11", 0 0, L_0x55ef393eaa30;  1 drivers
v0x55ef393cb5b0_0 .net *"_ivl_13", 0 0, L_0x55ef393eaad0;  1 drivers
v0x55ef393cb650_0 .net *"_ivl_15", 0 0, L_0x55ef393eab90;  1 drivers
v0x55ef393cb6f0_0 .net "branch_mispredict", 0 0, L_0x55ef393ea9c0;  1 drivers
v0x55ef393cb790_0 .var/i "branch_mispredicts", 31 0;
v0x55ef393cb880_0 .net "branch_resolved", 0 0, L_0x55ef393ea950;  1 drivers
v0x55ef393cb920_0 .var/i "branch_total", 31 0;
v0x55ef393cb9c0 .array "checked", 31 0, 0 0;
v0x55ef393cba60_0 .var "clk", 0 0;
v0x55ef393cbb90_0 .var/i "cycle_count", 31 0;
v0x55ef393cbc30_0 .var/i "errors", 31 0;
v0x55ef393cbcd0 .array "expected", 31 0, 31 0;
v0x55ef393cbd70_0 .net "id_advance", 0 0, L_0x55ef393eac30;  1 drivers
v0x55ef393cbe30_0 .var "ifid_valid", 0 0;
v0x55ef393cbef0_0 .var/i "instr_count", 31 0;
v0x55ef393cbfd0_0 .var/i "k", 31 0;
v0x55ef393cc0b0_0 .var/i "log_file", 31 0;
v0x55ef393cc190_0 .var "rst_n", 0 0;
v0x55ef393cc230_0 .net "spi_cs_n", 0 0, v0x55ef39395ee0_0;  1 drivers
v0x55ef393cc2d0_0 .var "spi_miso", 0 0;
v0x55ef393cc370_0 .net "spi_mosi", 0 0, v0x55ef39396200_0;  1 drivers
v0x55ef393cc410_0 .net "spi_sclk", 0 0, v0x55ef393966c0_0;  1 drivers
v0x55ef393cc4b0_0 .net "wb_addr", 4 0, L_0x55ef393ea760;  1 drivers
v0x55ef393cc590_0 .net "wb_data", 31 0, L_0x55ef393ea7d0;  1 drivers
v0x55ef393cc670_0 .net "wb_we", 0 0, L_0x55ef393ea6f0;  1 drivers
E_0x55ef39293bc0 .event posedge, v0x55ef393962c0_0;
L_0x55ef393eaa30 .reduce/nor L_0x55ef393e5480;
L_0x55ef393eab90 .reduce/nor L_0x55ef393e5aa0;
S_0x55ef3931ac00 .scope task, "check_register" "check_register" 2 245, 2 245 0, S_0x55ef39375160;
 .timescale -9 -12;
v0x55ef3935d650_0 .var "actual", 31 0;
v0x55ef39372470_0 .var/i "reg_idx", 31 0;
TD_tb_risc.check_register ;
    %ix/getv/s 4, v0x55ef39372470_0;
    %load/vec4a v0x55ef393c3ac0, 4;
    %store/vec4 v0x55ef3935d650_0, 0, 32;
    %load/vec4 v0x55ef3935d650_0;
    %ix/getv/s 4, v0x55ef39372470_0;
    %load/vec4a v0x55ef393cbcd0, 4;
    %cmp/ne;
    %jmp/0xz  T_0.0, 6;
    %vpi_call 2 251 "$display", "[FAIL] x%0d : Expected 0x%h, Got 0x%h", v0x55ef39372470_0, &A<v0x55ef393cbcd0, v0x55ef39372470_0 >, v0x55ef3935d650_0 {0 0 0};
    %load/vec4 v0x55ef393cc0b0_0;
    %cmpi/ne 0, 0, 32;
    %jmp/0xz  T_0.2, 4;
    %vpi_call 2 253 "$fdisplay", v0x55ef393cc0b0_0, "[FAIL] x%0d : Expected 0x%h, Got 0x%h", v0x55ef39372470_0, &A<v0x55ef393cbcd0, v0x55ef39372470_0 >, v0x55ef3935d650_0 {0 0 0};
T_0.2 ;
    %load/vec4 v0x55ef393cbc30_0;
    %addi 1, 0, 32;
    %store/vec4 v0x55ef393cbc30_0, 0, 32;
    %jmp T_0.1;
T_0.0 ;
    %vpi_call 2 258 "$display", "[PASS] x%0d = 0x%h", v0x55ef39372470_0, v0x55ef3935d650_0 {0 0 0};
    %load/vec4 v0x55ef393cc0b0_0;
    %cmpi/ne 0, 0, 32;
    %jmp/0xz  T_0.4, 4;
    %vpi_call 2 259 "$fdisplay", v0x55ef393cc0b0_0, "[PASS] x%0d = 0x%h", v0x55ef39372470_0, v0x55ef3935d650_0 {0 0 0};
T_0.4 ;
T_0.1 ;
    %end;
S_0x55ef3931b380 .scope module, "u_system" "system" 2 23, 3 6 0, S_0x55ef39375160;
 .timescale 0 0;
    .port_info 0 /INPUT 1 "clk";
    .port_info 1 /INPUT 1 "rst_n";
    .port_info 2 /INPUT 1 "spi_miso";
    .port_info 3 /OUTPUT 1 "spi_mosi";
    .port_info 4 /OUTPUT 1 "spi_sclk";
    .port_info 5 /OUTPUT 1 "spi_cs_n";
L_0x55ef393e7ca0 .functor AND 1, L_0x55ef393e2f30, L_0x55ef393e2fa0, C4<1>, C4<1>;
L_0x55ef393e7db0 .functor AND 1, L_0x55ef393e7ca0, L_0x55ef393e7d10, C4<1>, C4<1>;
v0x55ef393c4d60_0 .net *"_ivl_10", 0 0, L_0x55ef393e7d10;  1 drivers
L_0x7f64767decc0 .functor BUFT 1, C4<10000000000000000000000000000000>, C4<0>, C4<0>, C4<0>;
v0x55ef393c4e40_0 .net/2u *"_ivl_14", 31 0, L_0x7f64767decc0;  1 drivers
v0x55ef393c4f20_0 .net *"_ivl_16", 0 0, L_0x55ef393e7ec0;  1 drivers
L_0x7f64767ded08 .functor BUFT 1, C4<000000000000000000000000>, C4<0>, C4<0>, C4<0>;
v0x55ef393c4ff0_0 .net/2u *"_ivl_18", 23 0, L_0x7f64767ded08;  1 drivers
v0x55ef393c50d0_0 .net *"_ivl_20", 31 0, L_0x55ef393e7ff0;  1 drivers
L_0x7f64767ded50 .functor BUFT 1, C4<10000000000000000000000000000100>, C4<0>, C4<0>, C4<0>;
v0x55ef393c51b0_0 .net/2u *"_ivl_22", 31 0, L_0x7f64767ded50;  1 drivers
v0x55ef393c5290_0 .net *"_ivl_24", 0 0, L_0x55ef393e80e0;  1 drivers
L_0x7f64767ded98 .functor BUFT 1, C4<00000000000000000000000000>, C4<0>, C4<0>, C4<0>;
v0x55ef393c5350_0 .net/2u *"_ivl_26", 25 0, L_0x7f64767ded98;  1 drivers
v0x55ef393c5430_0 .net *"_ivl_28", 31 0, L_0x55ef393e81d0;  1 drivers
L_0x7f64767dede0 .functor BUFT 1, C4<00000000000000000000000000000000>, C4<0>, C4<0>, C4<0>;
v0x55ef393c55a0_0 .net/2u *"_ivl_30", 31 0, L_0x7f64767dede0;  1 drivers
v0x55ef393c5680_0 .net *"_ivl_32", 31 0, L_0x55ef393e83b0;  1 drivers
v0x55ef393c5760_0 .net *"_ivl_7", 0 0, L_0x55ef393e7ca0;  1 drivers
L_0x7f64767dec78 .functor BUFT 1, C4<10000000000000000000000000000000>, C4<0>, C4<0>, C4<0>;
v0x55ef393c5820_0 .net/2u *"_ivl_8", 31 0, L_0x7f64767dec78;  1 drivers
v0x55ef393c5900_0 .net "actual_branch_taken", 0 0, L_0x55ef393e1020;  1 drivers
v0x55ef393c59a0_0 .net "actual_branch_valid", 0 0, L_0x55ef393e0e00;  1 drivers
v0x55ef393c5a90_0 .net "actual_mispredict", 0 0, L_0x55ef393e1590;  1 drivers
v0x55ef393c5b30_0 .net "actual_pc", 31 0, L_0x55ef393e1220;  1 drivers
v0x55ef393c5d50_0 .net "actual_target", 31 0, L_0x55ef393e1180;  1 drivers
v0x55ef393c5e60_0 .net "cache_addr", 31 0, L_0x55ef393e2e10;  1 drivers
v0x55ef393c5f70_0 .net "cache_hit", 0 0, L_0x55ef393e76a0;  1 drivers
v0x55ef393c6060_0 .net "cache_rdata", 31 0, L_0x55ef393e7a70;  1 drivers
v0x55ef393c6170_0 .net "cache_req", 0 0, L_0x55ef393e2bd0;  1 drivers
v0x55ef393c6260_0 .net "cache_wdata", 31 0, L_0x55ef393e2e80;  1 drivers
v0x55ef393c6370_0 .net "cache_wr_en", 0 0, L_0x55ef393e2c90;  1 drivers
v0x55ef393c6460_0 .net "clk", 0 0, v0x55ef393cba60_0;  1 drivers
v0x55ef393c6500_0 .net "dcache_mem_addr", 9 0, L_0x55ef393e7b70;  1 drivers
v0x55ef393c6610_0 .net "dcache_mem_rdata", 31 0, v0x55ef393c1a00_0;  1 drivers
v0x55ef393c6720_0 .net "dcache_mem_ready", 0 0, v0x55ef393c1f60_0;  1 drivers
v0x55ef393c6810_0 .net "dcache_mem_req", 0 0, v0x55ef393ab6b0_0;  1 drivers
v0x55ef393c6900_0 .net "dcache_mem_wdata", 31 0, L_0x55ef393e7be0;  1 drivers
v0x55ef393c6a10_0 .net "dcache_mem_wr_en", 0 0, v0x55ef393ab930_0;  1 drivers
v0x55ef393c6b00_0 .net "ex_mem_alu_result", 31 0, v0x55ef393b2ad0_0;  1 drivers
v0x55ef393c6bc0_0 .net "ex_mem_pc", 31 0, v0x55ef393b2bb0_0;  1 drivers
v0x55ef393c6ee0_0 .net "ex_mem_rd_addr", 4 0, v0x55ef393b2c90_0;  1 drivers
v0x55ef393c6fa0_0 .net "ex_mem_read", 0 0, v0x55ef393b2d70_0;  1 drivers
v0x55ef393c7040_0 .net "ex_mem_rs2_data", 31 0, v0x55ef393b2e30_0;  1 drivers
v0x55ef393c7150_0 .net "ex_mem_write", 0 0, v0x55ef393b2f10_0;  1 drivers
v0x55ef393c7240_0 .net "ex_reg_write", 0 0, v0x55ef393b2fd0_0;  1 drivers
v0x55ef393c72e0_0 .net "ex_wb_sel", 1 0, v0x55ef393b3090_0;  1 drivers
v0x55ef393c73f0_0 .net "flush_ex", 0 0, L_0x55ef393e5aa0;  1 drivers
v0x55ef393c74e0_0 .net "fwd_a", 1 0, v0x55ef393ba820_0;  1 drivers
v0x55ef393c75f0_0 .net "fwd_b", 1 0, v0x55ef393ba8c0_0;  1 drivers
v0x55ef393c7700_0 .net "icache_hit", 0 0, L_0x55ef393e6680;  1 drivers
v0x55ef393c77a0_0 .net "icache_mem_addr", 9 0, L_0x55ef393e6a20;  1 drivers
v0x55ef393c7890_0 .net "icache_mem_rdata", 31 0, v0x55ef393c1960_0;  1 drivers
v0x55ef393c79a0_0 .net "icache_mem_ready", 0 0, v0x55ef393c1e90_0;  1 drivers
v0x55ef393c7a90_0 .net "icache_mem_req", 0 0, v0x55ef393bd880_0;  1 drivers
v0x55ef393c7b80_0 .net "id_alu_op", 3 0, v0x55ef393afb00_0;  1 drivers
v0x55ef393c7c90_0 .net "id_alu_src", 0 0, v0x55ef393afbe0_0;  1 drivers
v0x55ef393c7d80_0 .net "id_ex_imm", 31 0, v0x55ef393afca0_0;  1 drivers
v0x55ef393c7e90_0 .net "id_ex_pc", 31 0, v0x55ef393afd80_0;  1 drivers
v0x55ef393c7fa0_0 .net "id_ex_rd_addr", 4 0, v0x55ef393afe60_0;  1 drivers
v0x55ef393c8060_0 .net "id_ex_rs1_addr", 4 0, v0x55ef393aff40_0;  1 drivers
v0x55ef393c8170_0 .net "id_ex_rs1_data", 31 0, v0x55ef393b0020_0;  1 drivers
v0x55ef393c8280_0 .net "id_ex_rs2_addr", 4 0, v0x55ef393b0100_0;  1 drivers
v0x55ef393c8390_0 .net "id_ex_rs2_data", 31 0, v0x55ef393b01e0_0;  1 drivers
v0x55ef393c84a0_0 .net "id_hazard_stall", 0 0, L_0x55ef393e53c0;  1 drivers
v0x55ef393c8590_0 .net "id_is_ctrl", 0 0, L_0x55ef393e0a10;  1 drivers
v0x55ef393c8680_0 .net "id_mem_read", 0 0, v0x55ef393b0380_0;  1 drivers
v0x55ef393c8720_0 .net "id_mem_write", 0 0, v0x55ef393b0440_0;  1 drivers
v0x55ef393c8810_0 .net "id_reg_write", 0 0, v0x55ef393b0910_0;  1 drivers
v0x55ef393c88b0_0 .net "id_wb_sel", 1 0, v0x55ef393b09d0_0;  1 drivers
v0x55ef393c89c0_0 .net "if_id_inst", 31 0, v0x55ef393b7230_0;  1 drivers
v0x55ef393c8ad0_0 .net "if_id_pc", 31 0, v0x55ef393b72f0_0;  1 drivers
v0x55ef393c8be0_0 .net "if_id_pred_taken", 0 0, v0x55ef393b73c0_0;  1 drivers
v0x55ef393c90e0_0 .net "imem_addr", 31 0, L_0x55ef393cd810;  1 drivers
v0x55ef393c91d0_0 .net "imem_data", 31 0, L_0x55ef393e69b0;  1 drivers
v0x55ef393c92c0_0 .net "mem_reg_write", 0 0, v0x55ef393bff10_0;  1 drivers
v0x55ef393c9360_0 .net "mem_wb_alu_result", 31 0, v0x55ef393bffe0_0;  1 drivers
v0x55ef393c9450_0 .net "mem_wb_pc", 31 0, v0x55ef393c00a0_0;  1 drivers
v0x55ef393c9540_0 .net "mem_wb_rd_addr", 4 0, v0x55ef393c0180_0;  1 drivers
v0x55ef393c95e0_0 .net "mem_wb_read_data", 31 0, v0x55ef393c0270_0;  1 drivers
v0x55ef393c96d0_0 .net "mem_wb_sel", 1 0, v0x55ef393c0330_0;  1 drivers
v0x55ef393c97c0_0 .net "mmio_addr", 31 0, L_0x55ef393e3120;  1 drivers
v0x55ef393c9860_0 .net "mmio_rdata", 31 0, L_0x55ef393e8540;  1 drivers
L_0x7f64767dee28 .functor BUFT 1, C4<1>, C4<0>, C4<0>, C4<0>;
v0x55ef393c9900_0 .net "mmio_ready", 0 0, L_0x7f64767dee28;  1 drivers
v0x55ef393c99a0_0 .net "mmio_req", 0 0, L_0x55ef393e2f30;  1 drivers
v0x55ef393c9a40_0 .net "mmio_wdata", 31 0, L_0x55ef393e3340;  1 drivers
v0x55ef393c9ae0_0 .net "mmio_wr_en", 0 0, L_0x55ef393e2fa0;  1 drivers
v0x55ef393c9b80_0 .net "rs1_addr", 4 0, L_0x55ef393dee80;  1 drivers
v0x55ef393c9c20_0 .net "rs1_data", 31 0, L_0x55ef393e1b10;  1 drivers
v0x55ef393c9d10_0 .net "rs1_data_fwd", 31 0, v0x55ef393bb1d0_0;  1 drivers
v0x55ef393c9e00_0 .net "rs2_addr", 4 0, L_0x55ef393df100;  1 drivers
v0x55ef393c9ea0_0 .net "rs2_data", 31 0, L_0x55ef393e2330;  1 drivers
v0x55ef393c9f90_0 .net "rs2_data_fwd", 31 0, v0x55ef393bb2a0_0;  1 drivers
v0x55ef393ca080_0 .net "rst_n", 0 0, v0x55ef393cc190_0;  1 drivers
v0x55ef393ca120_0 .net "spi_busy", 0 0, L_0x55ef393e88f0;  1 drivers
v0x55ef393ca1c0_0 .var "spi_cpha", 0 0;
v0x55ef393ca2b0_0 .var "spi_cpol", 0 0;
v0x55ef393ca3a0_0 .net "spi_cs_n", 0 0, v0x55ef39395ee0_0;  alias, 1 drivers
v0x55ef393ca490_0 .net "spi_empty", 0 0, L_0x55ef393e8720;  1 drivers
v0x55ef393ca530_0 .net "spi_full", 0 0, L_0x55ef393e9640;  1 drivers
v0x55ef393ca620_0 .net "spi_miso", 0 0, v0x55ef393cc2d0_0;  1 drivers
v0x55ef393ca710_0 .net "spi_mosi", 0 0, v0x55ef39396200_0;  alias, 1 drivers
v0x55ef393ca800_0 .net "spi_rx_data", 7 0, v0x55ef39396380_0;  1 drivers
v0x55ef393ca8f0_0 .net "spi_rx_valid", 0 0, v0x55ef39396540_0;  1 drivers
v0x55ef393ca9e0_0 .net "spi_sclk", 0 0, v0x55ef393966c0_0;  alias, 1 drivers
v0x55ef393caad0_0 .net "spi_wr_en", 0 0, L_0x55ef393e7db0;  1 drivers
v0x55ef393cabc0_0 .net "stall_ex", 0 0, L_0x55ef393e5890;  1 drivers
v0x55ef393cacb0_0 .net "stall_icache", 0 0, L_0x55ef393cc730;  1 drivers
v0x55ef393cad50_0 .net "stall_id", 0 0, L_0x55ef393e5480;  1 drivers
v0x55ef393cae40_0 .net "stall_if", 0 0, L_0x55ef393e55f0;  1 drivers
v0x55ef393caf30_0 .net "stall_mem", 0 0, L_0x55ef393e3840;  1 drivers
v0x55ef393cb020_0 .net "wb_fwd_data", 31 0, v0x55ef393c4ba0_0;  1 drivers
v0x55ef393cb0c0_0 .net "wb_rd_addr", 4 0, L_0x55ef393e3a30;  1 drivers
v0x55ef393cb160_0 .net "wb_reg_write", 0 0, L_0x55ef393e3b30;  1 drivers
L_0x55ef393cc730 .reduce/nor L_0x55ef393e6680;
L_0x55ef393e7d10 .cmp/eq 32, L_0x55ef393e3120, L_0x7f64767dec78;
L_0x55ef393e7ec0 .cmp/eq 32, L_0x55ef393e3120, L_0x7f64767decc0;
L_0x55ef393e7ff0 .concat [ 8 24 0 0], v0x55ef39396380_0, L_0x7f64767ded08;
L_0x55ef393e80e0 .cmp/eq 32, L_0x55ef393e3120, L_0x7f64767ded50;
LS_0x55ef393e81d0_0_0 .concat [ 1 1 1 1], v0x55ef393ca1c0_0, v0x55ef393ca2b0_0, L_0x55ef393e9640, L_0x55ef393e8720;
LS_0x55ef393e81d0_0_4 .concat [ 1 1 26 0], L_0x55ef393e88f0, v0x55ef39396540_0, L_0x7f64767ded98;
L_0x55ef393e81d0 .concat [ 4 28 0 0], LS_0x55ef393e81d0_0_0, LS_0x55ef393e81d0_0_4;
L_0x55ef393e83b0 .functor MUXZ 32, L_0x7f64767dede0, L_0x55ef393e81d0, L_0x55ef393e80e0, C4<>;
L_0x55ef393e8540 .functor MUXZ 32, L_0x55ef393e83b0, L_0x55ef393e7ff0, L_0x55ef393e7ec0, C4<>;
L_0x55ef393ea650 .part L_0x55ef393e3340, 0, 8;
S_0x55ef3926e0a0 .scope module, "spi_ctrl" "top" 3 357, 4 1 0, S_0x55ef3931b380;
 .timescale 0 0;
    .port_info 0 /INPUT 1 "clk";
    .port_info 1 /INPUT 1 "rst_n";
    .port_info 2 /INPUT 1 "wr_en";
    .port_info 3 /INPUT 8 "wr_data";
    .port_info 4 /OUTPUT 1 "full";
    .port_info 5 /OUTPUT 1 "empty";
    .port_info 6 /INPUT 1 "cpol";
    .port_info 7 /INPUT 1 "cpha";
    .port_info 8 /INPUT 1 "miso";
    .port_info 9 /OUTPUT 1 "sclk";
    .port_info 10 /OUTPUT 1 "mosi";
    .port_info 11 /OUTPUT 1 "cs_n";
    .port_info 12 /OUTPUT 8 "rx_data";
    .port_info 13 /OUTPUT 1 "rx_valid";
    .port_info 14 /OUTPUT 1 "busy";
P_0x55ef39375fc0 .param/l "ADDR_WIDTH" 0 4 4, +C4<00000000000000000000000000000011>;
P_0x55ef39376000 .param/l "CLK_DIV" 0 4 5, +C4<00000000000000000000000000000100>;
P_0x55ef39376040 .param/l "DATA_WIDTH" 0 4 3, +C4<00000000000000000000000000001000>;
L_0x55ef393e8720 .functor BUFZ 1, L_0x55ef393e8fb0, C4<0>, C4<0>, C4<0>;
L_0x55ef393e87e0 .functor OR 1, v0x55ef39395a80_0, v0x55ef39398c20_0, C4<0>, C4<0>;
L_0x55ef393e88f0 .functor OR 1, L_0x55ef393e87e0, v0x55ef393987a0_0, C4<0>, C4<0>;
L_0x55ef393e8b40 .functor AND 1, L_0x55ef393e8a00, L_0x55ef393e8aa0, C4<1>, C4<1>;
L_0x55ef393e8cf0 .functor AND 1, L_0x55ef393e8b40, L_0x55ef393e8c50, C4<1>, C4<1>;
L_0x55ef393e8ea0 .functor AND 1, L_0x55ef393e8cf0, L_0x55ef393e8e00, C4<1>, C4<1>;
v0x55ef39398010_0 .net *"_ivl_11", 0 0, L_0x55ef393e8b40;  1 drivers
v0x55ef393980f0_0 .net *"_ivl_13", 0 0, L_0x55ef393e8c50;  1 drivers
v0x55ef393981b0_0 .net *"_ivl_15", 0 0, L_0x55ef393e8cf0;  1 drivers
v0x55ef39398280_0 .net *"_ivl_17", 0 0, L_0x55ef393e8e00;  1 drivers
v0x55ef39398340_0 .net *"_ivl_2", 0 0, L_0x55ef393e87e0;  1 drivers
v0x55ef39398420_0 .net *"_ivl_7", 0 0, L_0x55ef393e8a00;  1 drivers
v0x55ef393984e0_0 .net *"_ivl_9", 0 0, L_0x55ef393e8aa0;  1 drivers
v0x55ef393985a0_0 .net "busy", 0 0, L_0x55ef393e88f0;  alias, 1 drivers
v0x55ef39398660_0 .net "clk", 0 0, v0x55ef393cba60_0;  alias, 1 drivers
v0x55ef39398700_0 .net "core_busy", 0 0, v0x55ef39395a80_0;  1 drivers
v0x55ef393987a0_0 .var "core_start", 0 0;
v0x55ef39398840_0 .net "cpha", 0 0, v0x55ef393ca1c0_0;  1 drivers
v0x55ef39398910_0 .net "cpol", 0 0, v0x55ef393ca2b0_0;  1 drivers
v0x55ef393989e0_0 .net "cs_n", 0 0, v0x55ef39395ee0_0;  alias, 1 drivers
v0x55ef39398ab0_0 .net "empty", 0 0, L_0x55ef393e8720;  alias, 1 drivers
v0x55ef39398b50_0 .net "fifo_empty", 0 0, L_0x55ef393e8fb0;  1 drivers
v0x55ef39398c20_0 .var "fifo_rd_en", 0 0;
v0x55ef39398e00_0 .net "full", 0 0, L_0x55ef393e9640;  alias, 1 drivers
v0x55ef39398ed0_0 .net "miso", 0 0, v0x55ef393cc2d0_0;  alias, 1 drivers
v0x55ef39398fa0_0 .net "mosi", 0 0, v0x55ef39396200_0;  alias, 1 drivers
v0x55ef39399070_0 .net "pop_ok", 0 0, L_0x55ef393e8ea0;  1 drivers
v0x55ef39399110_0 .net "rst_n", 0 0, v0x55ef393cc190_0;  alias, 1 drivers
v0x55ef39399200_0 .net "rx_data", 7 0, v0x55ef39396380_0;  alias, 1 drivers
v0x55ef393992a0_0 .net "rx_valid", 0 0, v0x55ef39396540_0;  alias, 1 drivers
v0x55ef39399370_0 .net "sclk", 0 0, v0x55ef393966c0_0;  alias, 1 drivers
v0x55ef39399440_0 .net "tx_data_int", 7 0, v0x55ef393979a0_0;  1 drivers
v0x55ef39399530_0 .net "wr_data", 7 0, L_0x55ef393ea650;  1 drivers
v0x55ef393995d0_0 .net "wr_en", 0 0, L_0x55ef393e7db0;  alias, 1 drivers
L_0x55ef393e8a00 .reduce/nor L_0x55ef393e8fb0;
L_0x55ef393e8aa0 .reduce/nor v0x55ef39395a80_0;
L_0x55ef393e8c50 .reduce/nor v0x55ef393987a0_0;
L_0x55ef393e8e00 .reduce/nor v0x55ef39398c20_0;
S_0x55ef392afe80 .scope module, "spi_engine" "core" 4 74, 5 6 0, S_0x55ef3926e0a0;
 .timescale 0 0;
    .port_info 0 /INPUT 1 "clk";
    .port_info 1 /INPUT 1 "rst_n";
    .port_info 2 /INPUT 8 "tx_data";
    .port_info 3 /INPUT 1 "start";
    .port_info 4 /INPUT 1 "cpol";
    .port_info 5 /INPUT 1 "cpha";
    .port_info 6 /OUTPUT 8 "rx_data";
    .port_info 7 /OUTPUT 1 "busy";
    .port_info 8 /OUTPUT 1 "rx_valid";
    .port_info 9 /INPUT 1 "miso";
    .port_info 10 /OUTPUT 1 "mosi";
    .port_info 11 /OUTPUT 1 "sclk";
    .port_info 12 /OUTPUT 1 "cs_n";
P_0x55ef3926e320 .param/l "ACTIVE" 1 5 33, C4<01>;
P_0x55ef3926e360 .param/l "CLK_DIV" 0 5 8, +C4<00000000000000000000000000000100>;
P_0x55ef3926e3a0 .param/l "DATA_WIDTH" 0 5 7, +C4<00000000000000000000000000001000>;
P_0x55ef3926e3e0 .param/l "DONE" 1 5 34, C4<10>;
P_0x55ef3926e420 .param/l "IDLE" 1 5 32, C4<00>;
L_0x7f64767def00 .functor BUFT 1, C4<0>, C4<0>, C4<0>, C4<0>;
L_0x55ef393e99c0 .functor XNOR 1, v0x55ef393ca1c0_0, L_0x7f64767def00, C4<0>, C4<0>;
L_0x55ef393e9b60 .functor NOT 1, L_0x55ef393e9ac0, C4<0>, C4<0>, C4<0>;
L_0x7f64767def48 .functor BUFT 1, C4<0>, C4<0>, C4<0>, C4<0>;
L_0x55ef393e9ea0 .functor XNOR 1, v0x55ef393ca1c0_0, L_0x7f64767def48, C4<0>, C4<0>;
L_0x55ef393ea170 .functor NOT 1, L_0x55ef393ea040, C4<0>, C4<0>, C4<0>;
v0x55ef39368040_0 .net *"_ivl_0", 31 0, L_0x55ef393e9790;  1 drivers
v0x55ef393680e0_0 .net *"_ivl_10", 0 0, L_0x55ef393e99c0;  1 drivers
v0x55ef3928bfd0_0 .net *"_ivl_13", 0 0, L_0x55ef393e9ac0;  1 drivers
v0x55ef3928c090_0 .net *"_ivl_14", 0 0, L_0x55ef393e9b60;  1 drivers
v0x55ef3928c170_0 .net *"_ivl_17", 0 0, L_0x55ef393e9c20;  1 drivers
v0x55ef3928c2a0_0 .net/2u *"_ivl_20", 0 0, L_0x7f64767def48;  1 drivers
v0x55ef3928c380_0 .net *"_ivl_22", 0 0, L_0x55ef393e9ea0;  1 drivers
v0x55ef39290590_0 .net *"_ivl_25", 0 0, L_0x55ef393e9f60;  1 drivers
v0x55ef39290670_0 .net *"_ivl_27", 0 0, L_0x55ef393ea040;  1 drivers
v0x55ef39290750_0 .net *"_ivl_28", 0 0, L_0x55ef393ea170;  1 drivers
L_0x7f64767dee70 .functor BUFT 1, C4<000000000000000000000000000000>, C4<0>, C4<0>, C4<0>;
v0x55ef39290830_0 .net *"_ivl_3", 29 0, L_0x7f64767dee70;  1 drivers
v0x55ef39290910_0 .net *"_ivl_32", 31 0, L_0x55ef393ea3c0;  1 drivers
L_0x7f64767def90 .functor BUFT 1, C4<0000000000000000000000000000>, C4<0>, C4<0>, C4<0>;
v0x55ef39395800_0 .net *"_ivl_35", 27 0, L_0x7f64767def90;  1 drivers
L_0x7f64767defd8 .functor BUFT 1, C4<00000000000000000000000000001111>, C4<0>, C4<0>, C4<0>;
v0x55ef393958a0_0 .net/2u *"_ivl_36", 31 0, L_0x7f64767defd8;  1 drivers
L_0x7f64767deeb8 .functor BUFT 1, C4<00000000000000000000000000000001>, C4<0>, C4<0>, C4<0>;
v0x55ef39395940_0 .net/2u *"_ivl_4", 31 0, L_0x7f64767deeb8;  1 drivers
v0x55ef393959e0_0 .net/2u *"_ivl_8", 0 0, L_0x7f64767def00;  1 drivers
v0x55ef39395a80_0 .var "busy", 0 0;
v0x55ef39395b20_0 .net "clk", 0 0, v0x55ef393cba60_0;  alias, 1 drivers
v0x55ef39395bc0_0 .var "clk_cnt", 1 0;
v0x55ef39395ca0_0 .net "clk_tick", 0 0, L_0x55ef393e9880;  1 drivers
v0x55ef39395d60_0 .net "cpha", 0 0, v0x55ef393ca1c0_0;  alias, 1 drivers
v0x55ef39395e20_0 .net "cpol", 0 0, v0x55ef393ca2b0_0;  alias, 1 drivers
v0x55ef39395ee0_0 .var "cs_n", 0 0;
v0x55ef39395fa0_0 .var "edge_cnt", 3 0;
v0x55ef39396080_0 .net "last_edge", 0 0, L_0x55ef393ea4b0;  1 drivers
v0x55ef39396140_0 .net "miso", 0 0, v0x55ef393cc2d0_0;  alias, 1 drivers
v0x55ef39396200_0 .var "mosi", 0 0;
v0x55ef393962c0_0 .net "rst_n", 0 0, v0x55ef393cc190_0;  alias, 1 drivers
v0x55ef39396380_0 .var "rx_data", 7 0;
v0x55ef39396460_0 .var "rx_shift", 7 0;
v0x55ef39396540_0 .var "rx_valid", 0 0;
v0x55ef39396600_0 .net "sample_edge", 0 0, L_0x55ef393e9d10;  1 drivers
v0x55ef393966c0_0 .var "sclk", 0 0;
v0x55ef39396780_0 .net "shift_edge", 0 0, L_0x55ef393ea1e0;  1 drivers
v0x55ef39396840_0 .net "start", 0 0, v0x55ef393987a0_0;  1 drivers
v0x55ef39396900_0 .var "state", 1 0;
v0x55ef393969e0_0 .net "tx_data", 7 0, v0x55ef393979a0_0;  alias, 1 drivers
v0x55ef39396ac0_0 .var "tx_shift", 7 0;
E_0x55ef39294010/0 .event negedge, v0x55ef393962c0_0;
E_0x55ef39294010/1 .event posedge, v0x55ef39395b20_0;
E_0x55ef39294010 .event/or E_0x55ef39294010/0, E_0x55ef39294010/1;
L_0x55ef393e9790 .concat [ 2 30 0 0], v0x55ef39395bc0_0, L_0x7f64767dee70;
L_0x55ef393e9880 .cmp/eq 32, L_0x55ef393e9790, L_0x7f64767deeb8;
L_0x55ef393e9ac0 .part v0x55ef39395fa0_0, 0, 1;
L_0x55ef393e9c20 .part v0x55ef39395fa0_0, 0, 1;
L_0x55ef393e9d10 .functor MUXZ 1, L_0x55ef393e9c20, L_0x55ef393e9b60, L_0x55ef393e99c0, C4<>;
L_0x55ef393e9f60 .part v0x55ef39395fa0_0, 0, 1;
L_0x55ef393ea040 .part v0x55ef39395fa0_0, 0, 1;
L_0x55ef393ea1e0 .functor MUXZ 1, L_0x55ef393ea170, L_0x55ef393e9f60, L_0x55ef393e9ea0, C4<>;
L_0x55ef393ea3c0 .concat [ 4 28 0 0], v0x55ef39395fa0_0, L_0x7f64767def90;
L_0x55ef393ea4b0 .cmp/eq 32, L_0x55ef393ea3c0, L_0x7f64767defd8;
S_0x55ef392a7fe0 .scope function.vec4.u32, "log2" "log2" 5 45, 5 45 0, S_0x55ef392afe80;
 .timescale 0 0;
v0x55ef39372540_0 .var/i "i", 31 0;
; Variable log2 is vec4 return value of scope S_0x55ef392a7fe0
v0x55ef39367370_0 .var/i "value", 31 0;
TD_tb_risc.u_system.spi_ctrl.spi_engine.log2 ;
    %load/vec4 v0x55ef39367370_0;
    %subi 1, 0, 32;
    %store/vec4 v0x55ef39367370_0, 0, 32;
    %pushi/vec4 0, 0, 32;
    %store/vec4 v0x55ef39372540_0, 0, 32;
T_1.6 ; Top of for-loop
    %load/vec4 v0x55ef39367370_0;
    %cmpi/s 0, 0, 32;
    %flag_or 5, 4; GT is !LE
    %flag_inv 5;
	  %jmp/0xz T_1.7, 5;
    %load/vec4 v0x55ef39367370_0;
    %ix/load 4, 1, 0;
    %flag_set/imm 4, 0;
    %shiftr 4;
    %store/vec4 v0x55ef39367370_0, 0, 32;
T_1.8 ; for-loop step statement
    %load/vec4 v0x55ef39372540_0;
    %addi 1, 0, 32;
    %store/vec4 v0x55ef39372540_0, 0, 32;
    %jmp T_1.6;
T_1.7 ; for-loop exit label
    %load/vec4 v0x55ef39372540_0;
    %ret/vec4 0, 0, 32;  Assign to log2 (store_vec4_to_lval)
    %end;
S_0x55ef39396d40 .scope module, "tx_buffer" "fifo" 4 60, 6 5 0, S_0x55ef3926e0a0;
 .timescale 0 0;
    .port_info 0 /INPUT 1 "clk";
    .port_info 1 /INPUT 1 "rst_n";
    .port_info 2 /INPUT 1 "wr_en";
    .port_info 3 /INPUT 8 "wr_data";
    .port_info 4 /OUTPUT 1 "full";
    .port_info 5 /INPUT 1 "rd_en";
    .port_info 6 /OUTPUT 8 "rd_data";
    .port_info 7 /OUTPUT 1 "empty";
P_0x55ef39396ef0 .param/l "ADDR_WIDTH" 0 6 7, +C4<00000000000000000000000000000011>;
P_0x55ef39396f30 .param/l "DATA_WIDTH" 0 6 6, +C4<00000000000000000000000000001000>;
P_0x55ef39396f70 .param/l "DEPTH" 1 6 23, +C4<00000000000000000000000000000001000>;
L_0x55ef393e9270 .functor XOR 1, L_0x55ef393e90e0, L_0x55ef393e9180, C4<0>, C4<0>;
L_0x55ef393e9640 .functor AND 1, L_0x55ef393e9270, L_0x55ef393e94c0, C4<1>, C4<1>;
v0x55ef393970e0_0 .net *"_ivl_11", 2 0, L_0x55ef393e9420;  1 drivers
v0x55ef39397240_0 .net *"_ivl_12", 0 0, L_0x55ef393e94c0;  1 drivers
v0x55ef39397300_0 .net *"_ivl_3", 0 0, L_0x55ef393e90e0;  1 drivers
v0x55ef393973f0_0 .net *"_ivl_5", 0 0, L_0x55ef393e9180;  1 drivers
v0x55ef393974d0_0 .net *"_ivl_6", 0 0, L_0x55ef393e9270;  1 drivers
v0x55ef393975e0_0 .net *"_ivl_9", 2 0, L_0x55ef393e9380;  1 drivers
v0x55ef393976c0_0 .net "clk", 0 0, v0x55ef393cba60_0;  alias, 1 drivers
v0x55ef39397760_0 .net "empty", 0 0, L_0x55ef393e8fb0;  alias, 1 drivers
v0x55ef39397820_0 .net "full", 0 0, L_0x55ef393e9640;  alias, 1 drivers
v0x55ef393978e0 .array "mem", 7 0, 7 0;
v0x55ef393979a0_0 .var "rd_data", 7 0;
v0x55ef39397a60_0 .net "rd_en", 0 0, v0x55ef39398c20_0;  1 drivers
v0x55ef39397b00_0 .var "rd_ptr", 3 0;
v0x55ef39397be0_0 .net "rst_n", 0 0, v0x55ef393cc190_0;  alias, 1 drivers
v0x55ef39397cb0_0 .net "wr_data", 7 0, L_0x55ef393ea650;  alias, 1 drivers
v0x55ef39397d70_0 .net "wr_en", 0 0, L_0x55ef393e7db0;  alias, 1 drivers
v0x55ef39397e30_0 .var "wr_ptr", 3 0;
L_0x55ef393e8fb0 .cmp/eq 4, v0x55ef39397b00_0, v0x55ef39397e30_0;
L_0x55ef393e90e0 .part v0x55ef39397b00_0, 3, 1;
L_0x55ef393e9180 .part v0x55ef39397e30_0, 3, 1;
L_0x55ef393e9380 .part v0x55ef39397b00_0, 0, 3;
L_0x55ef393e9420 .part v0x55ef39397e30_0, 0, 3;
L_0x55ef393e94c0 .cmp/eq 3, L_0x55ef393e9380, L_0x55ef393e9420;
S_0x55ef39399740 .scope module, "u_dcache" "dcache" 3 302, 7 5 0, S_0x55ef3931b380;
 .timescale 0 0;
    .port_info 0 /INPUT 1 "clk";
    .port_info 1 /INPUT 1 "rst_n";
    .port_info 2 /INPUT 1 "req";
    .port_info 3 /INPUT 1 "wr_en";
    .port_info 4 /INPUT 32 "addr";
    .port_info 5 /INPUT 32 "wdata";
    .port_info 6 /OUTPUT 32 "rdata";
    .port_info 7 /OUTPUT 1 "hit";
    .port_info 8 /OUTPUT 1 "mem_req";
    .port_info 9 /OUTPUT 1 "mem_wr_en";
    .port_info 10 /OUTPUT 10 "mem_addr";
    .port_info 11 /OUTPUT 32 "mem_wdata";
    .port_info 12 /INPUT 32 "mem_rdata";
    .port_info 13 /INPUT 1 "mem_ready";
P_0x55ef39399940 .param/l "CACHE_ADDR_BITS" 0 7 7, +C4<00000000000000000000000000000110>;
P_0x55ef39399980 .param/l "CACHE_DEPTH" 1 7 31, +C4<00000000000000000000000000000001000000>;
P_0x55ef393999c0 .param/l "PC_WIDTH" 0 7 6, +C4<00000000000000000000000000100000>;
P_0x55ef39399a00 .param/l "STATE_FETCH" 1 7 50, C4<01>;
P_0x55ef39399a40 .param/l "STATE_IDLE" 1 7 49, C4<00>;
P_0x55ef39399a80 .param/l "STATE_READY" 1 7 51, C4<10>;
P_0x55ef39399ac0 .param/l "TAG_BITS" 1 7 32, +C4<0000000000000000000000000000011000>;
L_0x55ef393e6e70 .functor BUFZ 1, L_0x55ef393e6c90, C4<0>, C4<0>, C4<0>;
L_0x55ef393e7290 .functor AND 1, L_0x55ef393e2bd0, L_0x55ef393e6e70, C4<1>, C4<1>;
L_0x55ef393e7390 .functor AND 1, L_0x55ef393e7290, L_0x55ef393e7150, C4<1>, C4<1>;
L_0x55ef393e75e0 .functor AND 1, L_0x55ef393e2bd0, L_0x55ef393e74a0, C4<1>, C4<1>;
L_0x55ef393e76a0 .functor OR 1, L_0x55ef393e7390, L_0x55ef393e75e0, C4<0>, C4<0>;
L_0x55ef393e7a70 .functor BUFZ 32, L_0x55ef393e77f0, C4<00000000000000000000000000000000>, C4<00000000000000000000000000000000>, C4<00000000000000000000000000000000>;
L_0x55ef393e7b70 .functor BUFZ 10, v0x55ef393ab430_0, C4<0000000000>, C4<0000000000>, C4<0000000000>;
L_0x55ef393e7be0 .functor BUFZ 32, v0x55ef393ab850_0, C4<00000000000000000000000000000000>, C4<00000000000000000000000000000000>, C4<00000000000000000000000000000000>;
v0x55ef39399be0_0 .net *"_ivl_12", 23 0, L_0x55ef393e6f30;  1 drivers
v0x55ef3939a150_0 .net *"_ivl_14", 7 0, L_0x55ef393e6fd0;  1 drivers
L_0x7f64767deba0 .functor BUFT 1, C4<00>, C4<0>, C4<0>, C4<0>;
v0x55ef3939a230_0 .net *"_ivl_17", 1 0, L_0x7f64767deba0;  1 drivers
v0x55ef3939a320_0 .net *"_ivl_21", 0 0, L_0x55ef393e7290;  1 drivers
L_0x7f64767debe8 .functor BUFT 1, C4<10>, C4<0>, C4<0>, C4<0>;
v0x55ef3939a3e0_0 .net/2u *"_ivl_24", 1 0, L_0x7f64767debe8;  1 drivers
v0x55ef3939a510_0 .net *"_ivl_26", 0 0, L_0x55ef393e74a0;  1 drivers
v0x55ef3939a5d0_0 .net *"_ivl_29", 0 0, L_0x55ef393e75e0;  1 drivers
v0x55ef3939a690_0 .net *"_ivl_32", 31 0, L_0x55ef393e77f0;  1 drivers
v0x55ef3939a770_0 .net *"_ivl_34", 7 0, L_0x55ef393e7890;  1 drivers
L_0x7f64767dec30 .functor BUFT 1, C4<00>, C4<0>, C4<0>, C4<0>;
v0x55ef3939a850_0 .net *"_ivl_37", 1 0, L_0x7f64767dec30;  1 drivers
v0x55ef3939a930_0 .net *"_ivl_4", 0 0, L_0x55ef393e6c90;  1 drivers
v0x55ef3939aa10_0 .net *"_ivl_6", 7 0, L_0x55ef393e6d30;  1 drivers
L_0x7f64767deb58 .functor BUFT 1, C4<00>, C4<0>, C4<0>, C4<0>;
v0x55ef3939aaf0_0 .net *"_ivl_9", 1 0, L_0x7f64767deb58;  1 drivers
v0x55ef3939abd0_0 .net "addr", 31 0, L_0x55ef393e2e10;  alias, 1 drivers
v0x55ef3939acb0_0 .net "clk", 0 0, v0x55ef393cba60_0;  alias, 1 drivers
v0x55ef3939ad50 .array "data_array", 63 0, 31 0;
v0x55ef393aae40_0 .net "hit", 0 0, L_0x55ef393e76a0;  alias, 1 drivers
v0x55ef393ab010_0 .var/i "i", 31 0;
v0x55ef393ab0f0_0 .net "index", 5 0, L_0x55ef393e6ac0;  1 drivers
v0x55ef393ab1d0_0 .net "is_hit", 0 0, L_0x55ef393e7390;  1 drivers
v0x55ef393ab290_0 .var "issued", 0 0;
v0x55ef393ab350_0 .net "mem_addr", 9 0, L_0x55ef393e7b70;  alias, 1 drivers
v0x55ef393ab430_0 .var "mem_addr_r", 9 0;
v0x55ef393ab510_0 .net "mem_rdata", 31 0, v0x55ef393c1a00_0;  alias, 1 drivers
v0x55ef393ab5f0_0 .net "mem_ready", 0 0, v0x55ef393c1f60_0;  alias, 1 drivers
v0x55ef393ab6b0_0 .var "mem_req", 0 0;
v0x55ef393ab770_0 .net "mem_wdata", 31 0, L_0x55ef393e7be0;  alias, 1 drivers
v0x55ef393ab850_0 .var "mem_wdata_r", 31 0;
v0x55ef393ab930_0 .var "mem_wr_en", 0 0;
v0x55ef393ab9f0_0 .net "rdata", 31 0, L_0x55ef393e7a70;  alias, 1 drivers
v0x55ef393abad0_0 .net "req", 0 0, L_0x55ef393e2bd0;  alias, 1 drivers
v0x55ef393abb90_0 .net "rst_n", 0 0, v0x55ef393cc190_0;  alias, 1 drivers
v0x55ef393abc30_0 .var "state", 1 0;
v0x55ef393abf20_0 .net "tag", 23 0, L_0x55ef393e6bf0;  1 drivers
v0x55ef393ac000 .array "tag_array", 63 0, 23 0;
v0x55ef393ac0e0_0 .net "tag_match", 0 0, L_0x55ef393e7150;  1 drivers
v0x55ef393ac1a0 .array "valid_array", 63 0, 0 0;
v0x55ef393ac240_0 .net "valid_match", 0 0, L_0x55ef393e6e70;  1 drivers
v0x55ef393ac300_0 .net "wdata", 31 0, L_0x55ef393e2e80;  alias, 1 drivers
v0x55ef393ac3e0_0 .net "wr_en", 0 0, L_0x55ef393e2c90;  alias, 1 drivers
E_0x55ef392951d0 .event posedge, v0x55ef39395b20_0;
L_0x55ef393e6ac0 .part L_0x55ef393e2e10, 2, 6;
L_0x55ef393e6bf0 .part L_0x55ef393e2e10, 8, 24;
L_0x55ef393e6c90 .array/port v0x55ef393ac1a0, L_0x55ef393e6d30;
L_0x55ef393e6d30 .concat [ 6 2 0 0], L_0x55ef393e6ac0, L_0x7f64767deb58;
L_0x55ef393e6f30 .array/port v0x55ef393ac000, L_0x55ef393e6fd0;
L_0x55ef393e6fd0 .concat [ 6 2 0 0], L_0x55ef393e6ac0, L_0x7f64767deba0;
L_0x55ef393e7150 .cmp/eq 24, L_0x55ef393e6f30, L_0x55ef393e6bf0;
L_0x55ef393e74a0 .cmp/eq 2, v0x55ef393abc30_0, L_0x7f64767debe8;
L_0x55ef393e77f0 .array/port v0x55ef3939ad50, L_0x55ef393e7890;
L_0x55ef393e7890 .concat [ 6 2 0 0], L_0x55ef393e6ac0, L_0x7f64767dec30;
S_0x55ef393ac660 .scope module, "u_decode" "decode" 3 119, 8 5 0, S_0x55ef3931b380;
 .timescale 0 0;
    .port_info 0 /INPUT 1 "clk";
    .port_info 1 /INPUT 1 "rst_n";
    .port_info 2 /INPUT 1 "stall";
    .port_info 3 /INPUT 1 "flush";
    .port_info 4 /INPUT 1 "hold";
    .port_info 5 /INPUT 32 "if_id_pc";
    .port_info 6 /INPUT 32 "if_id_inst";
    .port_info 7 /INPUT 1 "if_id_pred_taken";
    .port_info 8 /INPUT 32 "rs1_data_fwd";
    .port_info 9 /INPUT 32 "rs2_data_fwd";
    .port_info 10 /OUTPUT 5 "rs1_addr";
    .port_info 11 /OUTPUT 5 "rs2_addr";
    .port_info 12 /OUTPUT 1 "id_is_ctrl";
    .port_info 13 /OUTPUT 1 "actual_branch_valid";
    .port_info 14 /OUTPUT 1 "actual_branch_taken";
    .port_info 15 /OUTPUT 32 "actual_target";
    .port_info 16 /OUTPUT 32 "actual_pc";
    .port_info 17 /OUTPUT 1 "actual_mispredict";
    .port_info 18 /OUTPUT 32 "id_ex_pc";
    .port_info 19 /OUTPUT 32 "id_ex_rs1_data";
    .port_info 20 /OUTPUT 32 "id_ex_rs2_data";
    .port_info 21 /OUTPUT 32 "id_ex_imm";
    .port_info 22 /OUTPUT 5 "id_ex_rd_addr";
    .port_info 23 /OUTPUT 5 "id_ex_rs1_addr";
    .port_info 24 /OUTPUT 5 "id_ex_rs2_addr";
    .port_info 25 /OUTPUT 4 "id_alu_op";
    .port_info 26 /OUTPUT 1 "id_alu_src";
    .port_info 27 /OUTPUT 1 "id_mem_read";
    .port_info 28 /OUTPUT 1 "id_mem_write";
    .port_info 29 /OUTPUT 1 "id_reg_write";
    .port_info 30 /OUTPUT 2 "id_wb_sel";
P_0x55ef39376b10 .param/l "PC_WIDTH" 0 8 6, +C4<00000000000000000000000000100000>;
P_0x55ef39376b50 .param/l "RV32I_NOA" 1 8 83, C4<00000000000000000000000000000000>;
L_0x55ef393cd600 .functor AND 1, L_0x55ef393de620, L_0x55ef393de6c0, C4<1>, C4<1>;
L_0x55ef393dd9d0 .functor OR 1, L_0x55ef393de8e0, L_0x55ef393dea50, C4<0>, C4<0>;
L_0x55ef393decd0 .functor OR 1, L_0x55ef393dd9d0, L_0x55ef393deb90, C4<0>, C4<0>;
L_0x55ef393df1a0 .functor BUFZ 32, v0x55ef393bb1d0_0, C4<00000000000000000000000000000000>, C4<00000000000000000000000000000000>, C4<00000000000000000000000000000000>;
L_0x55ef393dfa80 .functor BUFZ 32, v0x55ef393bb2a0_0, C4<00000000000000000000000000000000>, C4<00000000000000000000000000000000>, C4<00000000000000000000000000000000>;
L_0x55ef393e0a10 .functor OR 1, L_0x55ef393df4f0, L_0x55ef393df660, C4<0>, C4<0>;
L_0x55ef393e0cf0 .functor AND 1, L_0x55ef393e0a10, L_0x55ef393e0b60, C4<1>, C4<1>;
L_0x55ef393e0e00 .functor AND 1, L_0x55ef393e0cf0, L_0x55ef393e0d60, C4<1>, C4<1>;
L_0x55ef393e0f60 .functor AND 1, L_0x55ef393df4f0, L_0x55ef393e08d0, C4<1>, C4<1>;
L_0x55ef393e1020 .functor OR 1, L_0x55ef393e0f60, L_0x55ef393df660, C4<0>, C4<0>;
L_0x55ef393e1220 .functor BUFZ 32, v0x55ef393b72f0_0, C4<00000000000000000000000000000000>, C4<00000000000000000000000000000000>, C4<00000000000000000000000000000000>;
L_0x55ef393e14b0 .functor XOR 1, v0x55ef393b73c0_0, L_0x55ef393e1020, C4<0>, C4<0>;
L_0x55ef393e1590 .functor AND 1, L_0x55ef393e0e00, L_0x55ef393e14b0, C4<1>, C4<1>;
L_0x7f64767de210 .functor BUFT 1, C4<1101111>, C4<0>, C4<0>, C4<0>;
v0x55ef393acdb0_0 .net/2u *"_ivl_10", 6 0, L_0x7f64767de210;  1 drivers
v0x55ef393aceb0_0 .net *"_ivl_103", 0 0, L_0x55ef393e0f60;  1 drivers
v0x55ef393acf70_0 .net *"_ivl_110", 0 0, L_0x55ef393e14b0;  1 drivers
v0x55ef393ad040_0 .net *"_ivl_12", 0 0, L_0x55ef393de6c0;  1 drivers
L_0x7f64767de258 .functor BUFT 1, C4<0110011>, C4<0>, C4<0>, C4<0>;
v0x55ef393ad100_0 .net/2u *"_ivl_16", 6 0, L_0x7f64767de258;  1 drivers
v0x55ef393ad230_0 .net *"_ivl_18", 0 0, L_0x55ef393de8e0;  1 drivers
L_0x7f64767de2a0 .functor BUFT 1, C4<0100011>, C4<0>, C4<0>, C4<0>;
v0x55ef393ad2f0_0 .net/2u *"_ivl_20", 6 0, L_0x7f64767de2a0;  1 drivers
v0x55ef393ad3d0_0 .net *"_ivl_22", 0 0, L_0x55ef393dea50;  1 drivers
v0x55ef393ad490_0 .net *"_ivl_25", 0 0, L_0x55ef393dd9d0;  1 drivers
L_0x7f64767de2e8 .functor BUFT 1, C4<1100011>, C4<0>, C4<0>, C4<0>;
v0x55ef393ad550_0 .net/2u *"_ivl_26", 6 0, L_0x7f64767de2e8;  1 drivers
v0x55ef393ad630_0 .net *"_ivl_28", 0 0, L_0x55ef393deb90;  1 drivers
v0x55ef393ad6f0_0 .net *"_ivl_33", 4 0, L_0x55ef393dede0;  1 drivers
L_0x7f64767de330 .functor BUFT 1, C4<00000>, C4<0>, C4<0>, C4<0>;
v0x55ef393ad7d0_0 .net/2u *"_ivl_34", 4 0, L_0x7f64767de330;  1 drivers
v0x55ef393ad8b0_0 .net *"_ivl_39", 4 0, L_0x55ef393df060;  1 drivers
L_0x7f64767de378 .functor BUFT 1, C4<00000>, C4<0>, C4<0>, C4<0>;
v0x55ef393ad990_0 .net/2u *"_ivl_40", 4 0, L_0x7f64767de378;  1 drivers
L_0x7f64767de3c0 .functor BUFT 1, C4<1100011>, C4<0>, C4<0>, C4<0>;
v0x55ef393ada70_0 .net/2u *"_ivl_46", 6 0, L_0x7f64767de3c0;  1 drivers
L_0x7f64767de408 .functor BUFT 1, C4<1101111>, C4<0>, C4<0>, C4<0>;
v0x55ef393adb50_0 .net/2u *"_ivl_50", 6 0, L_0x7f64767de408;  1 drivers
L_0x7f64767de1c8 .functor BUFT 1, C4<0110111>, C4<0>, C4<0>, C4<0>;
v0x55ef393adc30_0 .net/2u *"_ivl_6", 6 0, L_0x7f64767de1c8;  1 drivers
L_0x7f64767de450 .functor BUFT 1, C4<000>, C4<0>, C4<0>, C4<0>;
v0x55ef393add10_0 .net/2u *"_ivl_66", 2 0, L_0x7f64767de450;  1 drivers
v0x55ef393addf0_0 .net *"_ivl_68", 0 0, L_0x55ef393dfd20;  1 drivers
L_0x7f64767de498 .functor BUFT 1, C4<001>, C4<0>, C4<0>, C4<0>;
v0x55ef393adeb0_0 .net/2u *"_ivl_70", 2 0, L_0x7f64767de498;  1 drivers
v0x55ef393adf90_0 .net *"_ivl_72", 0 0, L_0x55ef393dfb90;  1 drivers
L_0x7f64767de4e0 .functor BUFT 1, C4<100>, C4<0>, C4<0>, C4<0>;
v0x55ef393ae050_0 .net/2u *"_ivl_74", 2 0, L_0x7f64767de4e0;  1 drivers
v0x55ef393ae130_0 .net *"_ivl_76", 0 0, L_0x55ef393e0070;  1 drivers
L_0x7f64767de528 .functor BUFT 1, C4<101>, C4<0>, C4<0>, C4<0>;
v0x55ef393ae1f0_0 .net/2u *"_ivl_78", 2 0, L_0x7f64767de528;  1 drivers
v0x55ef393ae2d0_0 .net *"_ivl_8", 0 0, L_0x55ef393de620;  1 drivers
v0x55ef393ae390_0 .net *"_ivl_80", 0 0, L_0x55ef393e01d0;  1 drivers
L_0x7f64767de570 .functor BUFT 1, C4<0>, C4<0>, C4<0>, C4<0>;
v0x55ef393ae450_0 .net/2u *"_ivl_82", 0 0, L_0x7f64767de570;  1 drivers
v0x55ef393ae530_0 .net *"_ivl_84", 0 0, L_0x55ef393e02c0;  1 drivers
v0x55ef393ae610_0 .net *"_ivl_86", 0 0, L_0x55ef393e0520;  1 drivers
v0x55ef393ae6f0_0 .net *"_ivl_88", 0 0, L_0x55ef393e0660;  1 drivers
v0x55ef393ae7d0_0 .net *"_ivl_95", 0 0, L_0x55ef393e0b60;  1 drivers
v0x55ef393ae890_0 .net *"_ivl_97", 0 0, L_0x55ef393e0cf0;  1 drivers
v0x55ef393aeb60_0 .net *"_ivl_99", 0 0, L_0x55ef393e0d60;  1 drivers
v0x55ef393aec20_0 .net "actual_branch_taken", 0 0, L_0x55ef393e1020;  alias, 1 drivers
v0x55ef393aece0_0 .net "actual_branch_valid", 0 0, L_0x55ef393e0e00;  alias, 1 drivers
v0x55ef393aeda0_0 .net "actual_mispredict", 0 0, L_0x55ef393e1590;  alias, 1 drivers
v0x55ef393aee60_0 .net "actual_pc", 31 0, L_0x55ef393e1220;  alias, 1 drivers
v0x55ef393aef40_0 .net "actual_target", 31 0, L_0x55ef393e1180;  alias, 1 drivers
v0x55ef393af020_0 .net "branch_condition_met", 0 0, L_0x55ef393e08d0;  1 drivers
v0x55ef393af0e0_0 .net "clk", 0 0, v0x55ef393cba60_0;  alias, 1 drivers
v0x55ef393af180_0 .var "ctrl_alu_op", 3 0;
v0x55ef393af260_0 .var "ctrl_alu_src", 0 0;
v0x55ef393af320_0 .var "ctrl_mem_read", 0 0;
v0x55ef393af3e0_0 .var "ctrl_mem_write", 0 0;
v0x55ef393af4a0_0 .var "ctrl_reg_write", 0 0;
v0x55ef393af560_0 .var "ctrl_wb_sel", 1 0;
v0x55ef393af640_0 .net "eq", 0 0, L_0x55ef393df860;  1 drivers
v0x55ef393af700_0 .net "flush", 0 0, L_0x55ef393e5aa0;  alias, 1 drivers
v0x55ef393af7c0_0 .net "funct3", 2 0, L_0x55ef393de450;  1 drivers
v0x55ef393af8a0_0 .net "funct7", 6 0, L_0x55ef393de580;  1 drivers
v0x55ef393af980_0 .net "ge", 0 0, L_0x55ef393dfc30;  1 drivers
v0x55ef393afa40_0 .net "hold", 0 0, L_0x55ef393e53c0;  alias, 1 drivers
v0x55ef393afb00_0 .var "id_alu_op", 3 0;
v0x55ef393afbe0_0 .var "id_alu_src", 0 0;
v0x55ef393afca0_0 .var "id_ex_imm", 31 0;
v0x55ef393afd80_0 .var "id_ex_pc", 31 0;
v0x55ef393afe60_0 .var "id_ex_rd_addr", 4 0;
v0x55ef393aff40_0 .var "id_ex_rs1_addr", 4 0;
v0x55ef393b0020_0 .var "id_ex_rs1_data", 31 0;
v0x55ef393b0100_0 .var "id_ex_rs2_addr", 4 0;
v0x55ef393b01e0_0 .var "id_ex_rs2_data", 31 0;
v0x55ef393b02c0_0 .net "id_is_ctrl", 0 0, L_0x55ef393e0a10;  alias, 1 drivers
v0x55ef393b0380_0 .var "id_mem_read", 0 0;
v0x55ef393b0440_0 .var "id_mem_write", 0 0;
v0x55ef393b0910_0 .var "id_reg_write", 0 0;
v0x55ef393b09d0_0 .var "id_wb_sel", 1 0;
v0x55ef393b0ab0_0 .net "if_id_inst", 31 0, v0x55ef393b7230_0;  alias, 1 drivers
v0x55ef393b0b90_0 .net "if_id_pc", 31 0, v0x55ef393b72f0_0;  alias, 1 drivers
v0x55ef393b0c70_0 .net "if_id_pred_taken", 0 0, v0x55ef393b73c0_0;  alias, 1 drivers
v0x55ef393b0d30_0 .var "imm_val", 31 0;
v0x55ef393b0e10_0 .net "is_branch", 0 0, L_0x55ef393df4f0;  1 drivers
v0x55ef393b0ed0_0 .net "is_jal", 0 0, L_0x55ef393df660;  1 drivers
v0x55ef393b0f90_0 .net "lt", 0 0, L_0x55ef393dfaf0;  1 drivers
v0x55ef393b1050_0 .net "neq", 0 0, L_0x55ef393df990;  1 drivers
v0x55ef393b1110_0 .net "opcode", 6 0, L_0x55ef393de0e0;  1 drivers
v0x55ef393b11f0_0 .net "rd_addr", 4 0, L_0x55ef393df340;  1 drivers
v0x55ef393b12d0_0 .net "rs1_addr", 4 0, L_0x55ef393dee80;  alias, 1 drivers
v0x55ef393b13b0_0 .net "rs1_data_fwd", 31 0, v0x55ef393bb1d0_0;  alias, 1 drivers
v0x55ef393b1490_0 .net "rs2_addr", 4 0, L_0x55ef393df100;  alias, 1 drivers
v0x55ef393b1570_0 .net "rs2_data_fwd", 31 0, v0x55ef393bb2a0_0;  alias, 1 drivers
v0x55ef393b1650_0 .net "rst_n", 0 0, v0x55ef393cc190_0;  alias, 1 drivers
v0x55ef393b1780_0 .net/s "s_rs1", 31 0, L_0x55ef393df1a0;  1 drivers
v0x55ef393b1860_0 .net/s "s_rs2", 31 0, L_0x55ef393dfa80;  1 drivers
v0x55ef393b1940_0 .net "stall", 0 0, L_0x55ef393e5480;  alias, 1 drivers
v0x55ef393b1a00_0 .net "uses_rs1", 0 0, L_0x55ef393cd600;  1 drivers
v0x55ef393b1ac0_0 .net "uses_rs2", 0 0, L_0x55ef393decd0;  1 drivers
E_0x55ef391ce9a0 .event anyedge, v0x55ef393b1110_0, v0x55ef393af7c0_0, v0x55ef393af8a0_0;
E_0x55ef393938f0 .event anyedge, v0x55ef393b1110_0, v0x55ef393b0ab0_0;
L_0x55ef393de0e0 .part v0x55ef393b7230_0, 0, 7;
L_0x55ef393de450 .part v0x55ef393b7230_0, 12, 3;
L_0x55ef393de580 .part v0x55ef393b7230_0, 25, 7;
L_0x55ef393de620 .cmp/ne 7, L_0x55ef393de0e0, L_0x7f64767de1c8;
L_0x55ef393de6c0 .cmp/ne 7, L_0x55ef393de0e0, L_0x7f64767de210;
L_0x55ef393de8e0 .cmp/eq 7, L_0x55ef393de0e0, L_0x7f64767de258;
L_0x55ef393dea50 .cmp/eq 7, L_0x55ef393de0e0, L_0x7f64767de2a0;
L_0x55ef393deb90 .cmp/eq 7, L_0x55ef393de0e0, L_0x7f64767de2e8;
L_0x55ef393dede0 .part v0x55ef393b7230_0, 15, 5;
L_0x55ef393dee80 .functor MUXZ 5, L_0x7f64767de330, L_0x55ef393dede0, L_0x55ef393cd600, C4<>;
L_0x55ef393df060 .part v0x55ef393b7230_0, 20, 5;
L_0x55ef393df100 .functor MUXZ 5, L_0x7f64767de378, L_0x55ef393df060, L_0x55ef393decd0, C4<>;
L_0x55ef393df340 .part v0x55ef393b7230_0, 7, 5;
L_0x55ef393df4f0 .cmp/eq 7, L_0x55ef393de0e0, L_0x7f64767de3c0;
L_0x55ef393df660 .cmp/eq 7, L_0x55ef393de0e0, L_0x7f64767de408;
L_0x55ef393df860 .cmp/eq 32, v0x55ef393bb1d0_0, v0x55ef393bb2a0_0;
L_0x55ef393df990 .reduce/nor L_0x55ef393df860;
L_0x55ef393dfaf0 .cmp/gt.s 32, L_0x55ef393dfa80, L_0x55ef393df1a0;
L_0x55ef393dfc30 .reduce/nor L_0x55ef393dfaf0;
L_0x55ef393dfd20 .cmp/eq 3, L_0x55ef393de450, L_0x7f64767de450;
L_0x55ef393dfb90 .cmp/eq 3, L_0x55ef393de450, L_0x7f64767de498;
L_0x55ef393e0070 .cmp/eq 3, L_0x55ef393de450, L_0x7f64767de4e0;
L_0x55ef393e01d0 .cmp/eq 3, L_0x55ef393de450, L_0x7f64767de528;
L_0x55ef393e02c0 .functor MUXZ 1, L_0x7f64767de570, L_0x55ef393dfc30, L_0x55ef393e01d0, C4<>;
L_0x55ef393e0520 .functor MUXZ 1, L_0x55ef393e02c0, L_0x55ef393dfaf0, L_0x55ef393e0070, C4<>;
L_0x55ef393e0660 .functor MUXZ 1, L_0x55ef393e0520, L_0x55ef393df990, L_0x55ef393dfb90, C4<>;
L_0x55ef393e08d0 .functor MUXZ 1, L_0x55ef393e0660, L_0x55ef393df860, L_0x55ef393dfd20, C4<>;
L_0x55ef393e0b60 .reduce/nor L_0x55ef393e5480;
L_0x55ef393e0d60 .reduce/nor L_0x55ef393e53c0;
L_0x55ef393e1180 .arith/sum 32, v0x55ef393b72f0_0, v0x55ef393b0d30_0;
S_0x55ef393b1f60 .scope module, "u_execute" "execute" 3 167, 9 5 0, S_0x55ef3931b380;
 .timescale 0 0;
    .port_info 0 /INPUT 1 "clk";
    .port_info 1 /INPUT 1 "rst_n";
    .port_info 2 /INPUT 1 "stall";
    .port_info 3 /INPUT 1 "flush";
    .port_info 4 /INPUT 32 "id_ex_pc";
    .port_info 5 /INPUT 32 "id_ex_rs1_data";
    .port_info 6 /INPUT 32 "id_ex_rs2_data";
    .port_info 7 /INPUT 32 "id_ex_imm";
    .port_info 8 /INPUT 5 "id_ex_rd_addr";
    .port_info 9 /INPUT 4 "id_alu_op";
    .port_info 10 /INPUT 1 "id_alu_src";
    .port_info 11 /INPUT 1 "id_mem_read";
    .port_info 12 /INPUT 1 "id_mem_write";
    .port_info 13 /INPUT 1 "id_reg_write";
    .port_info 14 /INPUT 2 "id_wb_sel";
    .port_info 15 /INPUT 32 "mem_fwd_data";
    .port_info 16 /INPUT 32 "wb_fwd_data";
    .port_info 17 /INPUT 2 "fwd_a";
    .port_info 18 /INPUT 2 "fwd_b";
    .port_info 19 /OUTPUT 32 "ex_mem_pc";
    .port_info 20 /OUTPUT 32 "ex_mem_alu_result";
    .port_info 21 /OUTPUT 32 "ex_mem_rs2_data";
    .port_info 22 /OUTPUT 5 "ex_mem_rd_addr";
    .port_info 23 /OUTPUT 1 "ex_mem_read";
    .port_info 24 /OUTPUT 1 "ex_mem_write";
    .port_info 25 /OUTPUT 1 "ex_reg_write";
    .port_info 26 /OUTPUT 2 "ex_wb_sel";
P_0x55ef393b20f0 .param/l "PC_WIDTH" 0 9 6, +C4<00000000000000000000000000100000>;
P_0x55ef393b2130 .param/l "RV32I_NOA" 1 9 76, C4<00000000000000000000000000000000>;
L_0x55ef393e2640 .functor BUFZ 32, v0x55ef393b33f0_0, C4<00000000000000000000000000000000>, C4<00000000000000000000000000000000>, C4<00000000000000000000000000000000>;
L_0x55ef393e2700 .functor BUFZ 32, L_0x55ef393e25a0, C4<00000000000000000000000000000000>, C4<00000000000000000000000000000000>, C4<00000000000000000000000000000000>;
v0x55ef393b2760_0 .net "alu_in1", 31 0, v0x55ef393b33f0_0;  1 drivers
v0x55ef393b2860_0 .net "alu_in2", 31 0, L_0x55ef393e25a0;  1 drivers
v0x55ef393b2940_0 .var "alu_out", 31 0;
v0x55ef393b2a30_0 .net "clk", 0 0, v0x55ef393cba60_0;  alias, 1 drivers
v0x55ef393b2ad0_0 .var "ex_mem_alu_result", 31 0;
v0x55ef393b2bb0_0 .var "ex_mem_pc", 31 0;
v0x55ef393b2c90_0 .var "ex_mem_rd_addr", 4 0;
v0x55ef393b2d70_0 .var "ex_mem_read", 0 0;
v0x55ef393b2e30_0 .var "ex_mem_rs2_data", 31 0;
v0x55ef393b2f10_0 .var "ex_mem_write", 0 0;
v0x55ef393b2fd0_0 .var "ex_reg_write", 0 0;
v0x55ef393b3090_0 .var "ex_wb_sel", 1 0;
L_0x7f64767de768 .functor BUFT 1, C4<0>, C4<0>, C4<0>, C4<0>;
v0x55ef393b3170_0 .net "flush", 0 0, L_0x7f64767de768;  1 drivers
v0x55ef393b3230_0 .net "fwd_a", 1 0, v0x55ef393ba820_0;  alias, 1 drivers
v0x55ef393b3310_0 .net "fwd_b", 1 0, v0x55ef393ba8c0_0;  alias, 1 drivers
v0x55ef393b33f0_0 .var "fwd_rs1", 31 0;
v0x55ef393b34d0_0 .var "fwd_rs2", 31 0;
v0x55ef393b35b0_0 .net "id_alu_op", 3 0, v0x55ef393afb00_0;  alias, 1 drivers
v0x55ef393b3670_0 .net "id_alu_src", 0 0, v0x55ef393afbe0_0;  alias, 1 drivers
v0x55ef393b3740_0 .net "id_ex_imm", 31 0, v0x55ef393afca0_0;  alias, 1 drivers
v0x55ef393b3810_0 .net "id_ex_pc", 31 0, v0x55ef393afd80_0;  alias, 1 drivers
v0x55ef393b38e0_0 .net "id_ex_rd_addr", 4 0, v0x55ef393afe60_0;  alias, 1 drivers
v0x55ef393b39b0_0 .net "id_ex_rs1_data", 31 0, v0x55ef393b0020_0;  alias, 1 drivers
v0x55ef393b3a80_0 .net "id_ex_rs2_data", 31 0, v0x55ef393b01e0_0;  alias, 1 drivers
v0x55ef393b3b50_0 .net "id_mem_read", 0 0, v0x55ef393b0380_0;  alias, 1 drivers
v0x55ef393b3c20_0 .net "id_mem_write", 0 0, v0x55ef393b0440_0;  alias, 1 drivers
v0x55ef393b3cf0_0 .net "id_reg_write", 0 0, v0x55ef393b0910_0;  alias, 1 drivers
v0x55ef393b3dc0_0 .net "id_wb_sel", 1 0, v0x55ef393b09d0_0;  alias, 1 drivers
v0x55ef393b3e90_0 .net "mem_fwd_data", 31 0, v0x55ef393b2ad0_0;  alias, 1 drivers
v0x55ef393b3f60_0 .net "rst_n", 0 0, v0x55ef393cc190_0;  alias, 1 drivers
v0x55ef393b4000_0 .net/s "s_alu_in1", 31 0, L_0x55ef393e2640;  1 drivers
v0x55ef393b40a0_0 .net/s "s_alu_in2", 31 0, L_0x55ef393e2700;  1 drivers
v0x55ef393b4140_0 .net "stall", 0 0, L_0x55ef393e5890;  alias, 1 drivers
v0x55ef393b41e0_0 .net "wb_fwd_data", 31 0, v0x55ef393c4ba0_0;  alias, 1 drivers
E_0x55ef393b2650/0 .event anyedge, v0x55ef393afb00_0, v0x55ef393b2760_0, v0x55ef393b2860_0, v0x55ef393b4000_0;
E_0x55ef393b2650/1 .event anyedge, v0x55ef393b40a0_0;
E_0x55ef393b2650 .event/or E_0x55ef393b2650/0, E_0x55ef393b2650/1;
E_0x55ef393b26e0/0 .event anyedge, v0x55ef393b3230_0, v0x55ef393b2ad0_0, v0x55ef393b41e0_0, v0x55ef393b0020_0;
E_0x55ef393b26e0/1 .event anyedge, v0x55ef393b3310_0, v0x55ef393b01e0_0;
E_0x55ef393b26e0 .event/or E_0x55ef393b26e0/0, E_0x55ef393b26e0/1;
L_0x55ef393e25a0 .functor MUXZ 32, v0x55ef393b34d0_0, v0x55ef393afca0_0, v0x55ef393afbe0_0, C4<>;
S_0x55ef393b4620 .scope module, "u_fetch" "fetch" 3 101, 10 5 0, S_0x55ef3931b380;
 .timescale 0 0;
    .port_info 0 /INPUT 1 "clk";
    .port_info 1 /INPUT 1 "rst_n";
    .port_info 2 /INPUT 1 "stall";
    .port_info 3 /INPUT 1 "flush";
    .port_info 4 /INPUT 1 "actual_branch_valid";
    .port_info 5 /INPUT 1 "actual_branch_taken";
    .port_info 6 /INPUT 32 "actual_target";
    .port_info 7 /INPUT 32 "actual_pc";
    .port_info 8 /INPUT 1 "actual_mispredict";
    .port_info 9 /OUTPUT 32 "imem_addr";
    .port_info 10 /INPUT 32 "imem_data";
    .port_info 11 /OUTPUT 32 "if_id_pc";
    .port_info 12 /OUTPUT 32 "if_id_inst";
    .port_info 13 /OUTPUT 1 "if_id_pred_taken";
P_0x55ef393b47b0 .param/l "BT_ADDR_WIDTH" 0 10 7, +C4<00000000000000000000000000001000>;
P_0x55ef393b47f0 .param/l "BT_DEPTH" 1 10 44, +C4<0000000000000000000000000000000100000000>;
P_0x55ef393b4830 .param/l "PC_WIDTH" 0 10 6, +C4<00000000000000000000000000100000>;
P_0x55ef393b4870 .param/l "RV32I_NOA" 1 10 35, C4<00000000000000000000000000000000>;
P_0x55ef393b48b0 .param/l "RV32I_NOP" 1 10 36, C4<00000000000000000000000000010011>;
P_0x55ef393b48f0 .param/l "SNT" 1 10 53, C4<00>;
P_0x55ef393b4930 .param/l "ST" 1 10 56, C4<11>;
P_0x55ef393b4970 .param/l "TAG_WIDTH" 1 10 37, +C4<0000000000000000000000000000010110>;
P_0x55ef393b49b0 .param/l "WNT" 1 10 54, C4<01>;
P_0x55ef393b49f0 .param/l "WT" 1 10 55, C4<10>;
L_0x55ef39337b30 .functor BUFZ 1, L_0x55ef393cc9d0, C4<0>, C4<0>, C4<0>;
L_0x55ef3935d580 .functor BUFZ 2, L_0x55ef393ccc50, C4<00>, C4<00>, C4<00>;
L_0x55ef39368420 .functor BUFZ 32, L_0x55ef393ccec0, C4<00000000000000000000000000000000>, C4<00000000000000000000000000000000>, C4<00000000000000000000000000000000>;
L_0x55ef393671c0 .functor BUFZ 22, L_0x55ef393cd0f0, C4<0000000000000000000000>, C4<0000000000000000000000>, C4<0000000000000000000000>;
L_0x55ef39367f30 .functor AND 1, L_0x55ef39337b30, L_0x55ef393cd330, C4<1>, C4<1>;
L_0x55ef39293450 .functor AND 1, L_0x55ef39367f30, L_0x55ef393cd510, C4<1>, C4<1>;
L_0x55ef393cd750 .functor BUFZ 32, L_0x55ef39368420, C4<00000000000000000000000000000000>, C4<00000000000000000000000000000000>, C4<00000000000000000000000000000000>;
L_0x55ef393cd810 .functor BUFZ 32, v0x55ef393b76f0_0, C4<00000000000000000000000000000000>, C4<00000000000000000000000000000000>, C4<00000000000000000000000000000000>;
v0x55ef393b50c0_0 .net *"_ivl_12", 1 0, L_0x55ef393ccc50;  1 drivers
v0x55ef393b51c0_0 .net *"_ivl_14", 9 0, L_0x55ef393cccf0;  1 drivers
L_0x7f64767de060 .functor BUFT 1, C4<00>, C4<0>, C4<0>, C4<0>;
v0x55ef393b52a0_0 .net *"_ivl_17", 1 0, L_0x7f64767de060;  1 drivers
v0x55ef393b5390_0 .net *"_ivl_20", 31 0, L_0x55ef393ccec0;  1 drivers
v0x55ef393b5470_0 .net *"_ivl_22", 9 0, L_0x55ef393ccf60;  1 drivers
L_0x7f64767de0a8 .functor BUFT 1, C4<00>, C4<0>, C4<0>, C4<0>;
v0x55ef393b55a0_0 .net *"_ivl_25", 1 0, L_0x7f64767de0a8;  1 drivers
v0x55ef393b5680_0 .net *"_ivl_28", 21 0, L_0x55ef393cd0f0;  1 drivers
v0x55ef393b5760_0 .net *"_ivl_30", 9 0, L_0x55ef393cd190;  1 drivers
L_0x7f64767de0f0 .functor BUFT 1, C4<00>, C4<0>, C4<0>, C4<0>;
v0x55ef393b5840_0 .net *"_ivl_33", 1 0, L_0x7f64767de0f0;  1 drivers
v0x55ef393b5920_0 .net *"_ivl_39", 0 0, L_0x55ef39367f30;  1 drivers
v0x55ef393b59e0_0 .net *"_ivl_4", 0 0, L_0x55ef393cc9d0;  1 drivers
v0x55ef393b5ac0_0 .net *"_ivl_41", 0 0, L_0x55ef393cd510;  1 drivers
L_0x7f64767de138 .functor BUFT 1, C4<00000000000000000000000000000100>, C4<0>, C4<0>, C4<0>;
v0x55ef393b5ba0_0 .net/2u *"_ivl_48", 31 0, L_0x7f64767de138;  1 drivers
v0x55ef393b5c80_0 .net *"_ivl_50", 31 0, L_0x55ef393dd930;  1 drivers
v0x55ef393b5d60_0 .net *"_ivl_52", 31 0, L_0x55ef393dda90;  1 drivers
L_0x7f64767de180 .functor BUFT 1, C4<00000000000000000000000000000100>, C4<0>, C4<0>, C4<0>;
v0x55ef393b5e40_0 .net/2u *"_ivl_54", 31 0, L_0x7f64767de180;  1 drivers
v0x55ef393b5f20_0 .net *"_ivl_56", 31 0, L_0x55ef393ddc00;  1 drivers
v0x55ef393b6000_0 .net *"_ivl_58", 31 0, L_0x55ef393ddd30;  1 drivers
v0x55ef393b60e0_0 .net *"_ivl_6", 9 0, L_0x55ef393cca70;  1 drivers
v0x55ef393b61c0_0 .net *"_ivl_60", 31 0, L_0x55ef393ddf50;  1 drivers
L_0x7f64767de018 .functor BUFT 1, C4<00>, C4<0>, C4<0>, C4<0>;
v0x55ef393b62a0_0 .net *"_ivl_9", 1 0, L_0x7f64767de018;  1 drivers
v0x55ef393b6380_0 .net "actual_branch_taken", 0 0, L_0x55ef393e1020;  alias, 1 drivers
v0x55ef393b6420_0 .net "actual_branch_valid", 0 0, L_0x55ef393e0e00;  alias, 1 drivers
v0x55ef393b64f0_0 .net "actual_mispredict", 0 0, L_0x55ef393e1590;  alias, 1 drivers
v0x55ef393b65c0_0 .net "actual_pc", 31 0, L_0x55ef393e1220;  alias, 1 drivers
v0x55ef393b6690_0 .net "actual_target", 31 0, L_0x55ef393e1180;  alias, 1 drivers
v0x55ef393b6760 .array "bht_table", 255 0, 1 0;
v0x55ef393b6800 .array "btb_table", 255 0, 31 0;
v0x55ef393b68c0_0 .net "clk", 0 0, v0x55ef393cba60_0;  alias, 1 drivers
v0x55ef393b6960_0 .net "current_bht", 1 0, L_0x55ef3935d580;  1 drivers
v0x55ef393b6a40_0 .net "current_btb", 31 0, L_0x55ef39368420;  1 drivers
v0x55ef393b6b20_0 .net "current_tag", 21 0, L_0x55ef393671c0;  1 drivers
v0x55ef393b6c00_0 .net "current_val", 0 0, L_0x55ef39337b30;  1 drivers
v0x55ef393b6ef0_0 .net "fetch_idx", 7 0, L_0x55ef393cc840;  1 drivers
v0x55ef393b6fd0_0 .net "fetch_tag", 21 0, L_0x55ef393cc8e0;  1 drivers
v0x55ef393b70b0_0 .net "flush", 0 0, L_0x55ef393e1590;  alias, 1 drivers
v0x55ef393b7150_0 .var/i "i", 31 0;
v0x55ef393b7230_0 .var "if_id_inst", 31 0;
v0x55ef393b72f0_0 .var "if_id_pc", 31 0;
v0x55ef393b73c0_0 .var "if_id_pred_taken", 0 0;
v0x55ef393b7490_0 .net "imem_addr", 31 0, L_0x55ef393cd810;  alias, 1 drivers
v0x55ef393b7530_0 .net "imem_data", 31 0, L_0x55ef393e69b0;  alias, 1 drivers
v0x55ef393b7610_0 .net "next_pc", 31 0, L_0x55ef393de040;  1 drivers
v0x55ef393b76f0_0 .var "pc_reg", 31 0;
v0x55ef393b77d0_0 .net "pred_taken", 0 0, L_0x55ef39293450;  1 drivers
v0x55ef393b7890_0 .net "pred_target", 31 0, L_0x55ef393cd750;  1 drivers
v0x55ef393b7970_0 .net "rst_n", 0 0, v0x55ef393cc190_0;  alias, 1 drivers
v0x55ef393b7a10_0 .net "stall", 0 0, L_0x55ef393e55f0;  alias, 1 drivers
v0x55ef393b7ad0_0 .net "tag_match", 0 0, L_0x55ef393cd330;  1 drivers
v0x55ef393b7b90 .array "tag_table", 255 0, 21 0;
v0x55ef393b7c70_0 .net "update_idx", 7 0, L_0x55ef393de1d0;  1 drivers
v0x55ef393b7d50_0 .net "update_tag", 21 0, L_0x55ef393de300;  1 drivers
v0x55ef393b7e30 .array "val_table", 255 0, 0 0;
L_0x55ef393cc840 .part v0x55ef393b76f0_0, 2, 8;
L_0x55ef393cc8e0 .part v0x55ef393b76f0_0, 10, 22;
L_0x55ef393cc9d0 .array/port v0x55ef393b7e30, L_0x55ef393cca70;
L_0x55ef393cca70 .concat [ 8 2 0 0], L_0x55ef393cc840, L_0x7f64767de018;
L_0x55ef393ccc50 .array/port v0x55ef393b6760, L_0x55ef393cccf0;
L_0x55ef393cccf0 .concat [ 8 2 0 0], L_0x55ef393cc840, L_0x7f64767de060;
L_0x55ef393ccec0 .array/port v0x55ef393b6800, L_0x55ef393ccf60;
L_0x55ef393ccf60 .concat [ 8 2 0 0], L_0x55ef393cc840, L_0x7f64767de0a8;
L_0x55ef393cd0f0 .array/port v0x55ef393b7b90, L_0x55ef393cd190;
L_0x55ef393cd190 .concat [ 8 2 0 0], L_0x55ef393cc840, L_0x7f64767de0f0;
L_0x55ef393cd330 .cmp/eq 22, L_0x55ef393671c0, L_0x55ef393cc8e0;
L_0x55ef393cd510 .part L_0x55ef3935d580, 1, 1;
L_0x55ef393dd930 .arith/sum 32, L_0x55ef393e1220, L_0x7f64767de138;
L_0x55ef393dda90 .functor MUXZ 32, L_0x55ef393dd930, L_0x55ef393e1180, L_0x55ef393e1020, C4<>;
L_0x55ef393ddc00 .arith/sum 32, v0x55ef393b76f0_0, L_0x7f64767de180;
L_0x55ef393ddd30 .functor MUXZ 32, L_0x55ef393ddc00, L_0x55ef393cd750, L_0x55ef39293450, C4<>;
L_0x55ef393ddf50 .functor MUXZ 32, L_0x55ef393ddd30, v0x55ef393b76f0_0, L_0x55ef393e55f0, C4<>;
L_0x55ef393de040 .functor MUXZ 32, L_0x55ef393ddf50, L_0x55ef393dda90, L_0x55ef393e1590, C4<>;
L_0x55ef393de1d0 .part L_0x55ef393e1220, 2, 8;
L_0x55ef393de300 .part L_0x55ef393e1220, 10, 22;
S_0x55ef393b80b0 .scope module, "u_hazard" "hazard" 3 244, 11 5 0, S_0x55ef3931b380;
 .timescale 0 0;
    .port_info 0 /INPUT 1 "stall_mem";
    .port_info 1 /INPUT 1 "stall_icache";
    .port_info 2 /INPUT 5 "id_ex_rs1_addr";
    .port_info 3 /INPUT 5 "id_ex_rs2_addr";
    .port_info 4 /INPUT 1 "id_is_branch";
    .port_info 5 /INPUT 32 "id_rs1_data_reg";
    .port_info 6 /INPUT 32 "id_rs2_data_reg";
    .port_info 7 /INPUT 5 "ex_mem_rs1_addr";
    .port_info 8 /INPUT 5 "ex_mem_rs2_addr";
    .port_info 9 /INPUT 5 "ex_mem_rd_addr";
    .port_info 10 /INPUT 1 "ex_mem_read";
    .port_info 11 /INPUT 1 "ex_reg_write";
    .port_info 12 /INPUT 32 "ex_alu_result";
    .port_info 13 /INPUT 5 "mem_wb_rd_addr";
    .port_info 14 /INPUT 1 "mem_reg_write";
    .port_info 15 /INPUT 1 "mem_mem_read";
    .port_info 16 /INPUT 32 "mem_fwd_data";
    .port_info 17 /INPUT 5 "wb_rd_addr";
    .port_info 18 /INPUT 1 "wb_reg_write";
    .port_info 19 /INPUT 32 "wb_fwd_data";
    .port_info 20 /OUTPUT 2 "fwd_a";
    .port_info 21 /OUTPUT 2 "fwd_b";
    .port_info 22 /OUTPUT 32 "rs1_data_fwd";
    .port_info 23 /OUTPUT 32 "rs2_data_fwd";
    .port_info 24 /OUTPUT 1 "stall_if";
    .port_info 25 /OUTPUT 1 "stall_id";
    .port_info 26 /OUTPUT 1 "stall_ex";
    .port_info 27 /OUTPUT 1 "flush_ex";
    .port_info 28 /OUTPUT 1 "id_hazard_stall";
L_0x55ef393e3e00 .functor AND 1, v0x55ef393b0380_0, L_0x55ef393e3d60, C4<1>, C4<1>;
L_0x55ef393e4260 .functor OR 1, L_0x55ef393e3f00, L_0x55ef393e40b0, C4<0>, C4<0>;
L_0x55ef393e4370 .functor AND 1, L_0x55ef393e3e00, L_0x55ef393e4260, C4<1>, C4<1>;
L_0x55ef393e46f0 .functor AND 1, v0x55ef393b0910_0, L_0x55ef393e4570, C4<1>, C4<1>;
L_0x55ef393e48f0 .functor OR 1, L_0x55ef393e4760, L_0x55ef393e4800, C4<0>, C4<0>;
L_0x55ef393e4a00 .functor AND 1, L_0x55ef393e46f0, L_0x55ef393e48f0, C4<1>, C4<1>;
L_0x55ef393e4d50 .functor AND 1, v0x55ef393b2d70_0, L_0x55ef393e4bb0, C4<1>, C4<1>;
L_0x55ef393e4f70 .functor OR 1, L_0x55ef393e4dc0, L_0x55ef393e4e60, C4<0>, C4<0>;
L_0x55ef393e50d0 .functor AND 1, L_0x55ef393e4d50, L_0x55ef393e4f70, C4<1>, C4<1>;
L_0x55ef393e51e0 .functor OR 1, L_0x55ef393e4a00, L_0x55ef393e50d0, C4<0>, C4<0>;
L_0x55ef393e5350 .functor AND 1, L_0x55ef393e0a10, L_0x55ef393e51e0, C4<1>, C4<1>;
L_0x55ef393e53c0 .functor OR 1, L_0x55ef393e4370, L_0x55ef393e5350, C4<0>, C4<0>;
L_0x55ef393e54f0 .functor OR 1, L_0x55ef393e3840, L_0x55ef393cc730, C4<0>, C4<0>;
L_0x55ef393e55f0 .functor OR 1, L_0x55ef393e54f0, L_0x55ef393e53c0, C4<0>, C4<0>;
L_0x55ef393e5480 .functor OR 1, L_0x55ef393e3840, L_0x55ef393cc730, C4<0>, C4<0>;
L_0x55ef393e5890 .functor BUFZ 1, L_0x55ef393e3840, C4<0>, C4<0>, C4<0>;
L_0x55ef393e5990 .functor OR 1, L_0x55ef393e53c0, L_0x55ef393cc730, C4<0>, C4<0>;
L_0x55ef393e5aa0 .functor AND 1, L_0x55ef393e5990, L_0x55ef393e5a00, C4<1>, C4<1>;
v0x55ef393b8780_0 .net *"_ivl_0", 31 0, L_0x55ef393e3c30;  1 drivers
v0x55ef393b8880_0 .net *"_ivl_10", 0 0, L_0x55ef393e3f00;  1 drivers
v0x55ef393b8940_0 .net *"_ivl_12", 0 0, L_0x55ef393e40b0;  1 drivers
v0x55ef393b8a10_0 .net *"_ivl_15", 0 0, L_0x55ef393e4260;  1 drivers
v0x55ef393b8ad0_0 .net *"_ivl_18", 31 0, L_0x55ef393e4480;  1 drivers
L_0x7f64767de8d0 .functor BUFT 1, C4<000000000000000000000000000>, C4<0>, C4<0>, C4<0>;
v0x55ef393b8c00_0 .net *"_ivl_21", 26 0, L_0x7f64767de8d0;  1 drivers
L_0x7f64767de918 .functor BUFT 1, C4<00000000000000000000000000000000>, C4<0>, C4<0>, C4<0>;
v0x55ef393b8ce0_0 .net/2u *"_ivl_22", 31 0, L_0x7f64767de918;  1 drivers
v0x55ef393b8dc0_0 .net *"_ivl_24", 0 0, L_0x55ef393e4570;  1 drivers
v0x55ef393b8e80_0 .net *"_ivl_27", 0 0, L_0x55ef393e46f0;  1 drivers
v0x55ef393b8f40_0 .net *"_ivl_28", 0 0, L_0x55ef393e4760;  1 drivers
L_0x7f64767de840 .functor BUFT 1, C4<000000000000000000000000000>, C4<0>, C4<0>, C4<0>;
v0x55ef393b9000_0 .net *"_ivl_3", 26 0, L_0x7f64767de840;  1 drivers
v0x55ef393b90e0_0 .net *"_ivl_30", 0 0, L_0x55ef393e4800;  1 drivers
v0x55ef393b91a0_0 .net *"_ivl_33", 0 0, L_0x55ef393e48f0;  1 drivers
v0x55ef393b9260_0 .net *"_ivl_35", 0 0, L_0x55ef393e4a00;  1 drivers
v0x55ef393b9320_0 .net *"_ivl_36", 31 0, L_0x55ef393e4b10;  1 drivers
L_0x7f64767de960 .functor BUFT 1, C4<000000000000000000000000000>, C4<0>, C4<0>, C4<0>;
v0x55ef393b9400_0 .net *"_ivl_39", 26 0, L_0x7f64767de960;  1 drivers
L_0x7f64767de888 .functor BUFT 1, C4<00000000000000000000000000000000>, C4<0>, C4<0>, C4<0>;
v0x55ef393b94e0_0 .net/2u *"_ivl_4", 31 0, L_0x7f64767de888;  1 drivers
L_0x7f64767de9a8 .functor BUFT 1, C4<00000000000000000000000000000000>, C4<0>, C4<0>, C4<0>;
v0x55ef393b95c0_0 .net/2u *"_ivl_40", 31 0, L_0x7f64767de9a8;  1 drivers
v0x55ef393b96a0_0 .net *"_ivl_42", 0 0, L_0x55ef393e4bb0;  1 drivers
v0x55ef393b9760_0 .net *"_ivl_45", 0 0, L_0x55ef393e4d50;  1 drivers
v0x55ef393b9820_0 .net *"_ivl_46", 0 0, L_0x55ef393e4dc0;  1 drivers
v0x55ef393b98e0_0 .net *"_ivl_48", 0 0, L_0x55ef393e4e60;  1 drivers
v0x55ef393b99a0_0 .net *"_ivl_51", 0 0, L_0x55ef393e4f70;  1 drivers
v0x55ef393b9a60_0 .net *"_ivl_53", 0 0, L_0x55ef393e50d0;  1 drivers
v0x55ef393b9b20_0 .net *"_ivl_55", 0 0, L_0x55ef393e51e0;  1 drivers
v0x55ef393b9be0_0 .net *"_ivl_6", 0 0, L_0x55ef393e3d60;  1 drivers
v0x55ef393b9ca0_0 .net *"_ivl_61", 0 0, L_0x55ef393e54f0;  1 drivers
v0x55ef393b9d60_0 .net *"_ivl_69", 0 0, L_0x55ef393e5990;  1 drivers
v0x55ef393b9e20_0 .net *"_ivl_71", 0 0, L_0x55ef393e5a00;  1 drivers
v0x55ef393b9ee0_0 .net *"_ivl_9", 0 0, L_0x55ef393e3e00;  1 drivers
v0x55ef393b9fa0_0 .net "branch_stall", 0 0, L_0x55ef393e5350;  1 drivers
v0x55ef393ba060_0 .net "ex_alu_result", 31 0, v0x55ef393b2ad0_0;  alias, 1 drivers
v0x55ef393ba120_0 .net "ex_mem_rd_addr", 4 0, v0x55ef393afe60_0;  alias, 1 drivers
v0x55ef393ba440_0 .net "ex_mem_read", 0 0, v0x55ef393b0380_0;  alias, 1 drivers
v0x55ef393ba530_0 .net "ex_mem_rs1_addr", 4 0, v0x55ef393aff40_0;  alias, 1 drivers
v0x55ef393ba5f0_0 .net "ex_mem_rs2_addr", 4 0, v0x55ef393b0100_0;  alias, 1 drivers
v0x55ef393ba690_0 .net "ex_reg_write", 0 0, v0x55ef393b0910_0;  alias, 1 drivers
v0x55ef393ba780_0 .net "flush_ex", 0 0, L_0x55ef393e5aa0;  alias, 1 drivers
v0x55ef393ba820_0 .var "fwd_a", 1 0;
v0x55ef393ba8c0_0 .var "fwd_b", 1 0;
v0x55ef393ba960_0 .net "id_ex_rs1_addr", 4 0, L_0x55ef393dee80;  alias, 1 drivers
v0x55ef393baa30_0 .net "id_ex_rs2_addr", 4 0, L_0x55ef393df100;  alias, 1 drivers
v0x55ef393bab00_0 .net "id_hazard_stall", 0 0, L_0x55ef393e53c0;  alias, 1 drivers
v0x55ef393babd0_0 .net "id_is_branch", 0 0, L_0x55ef393e0a10;  alias, 1 drivers
v0x55ef393baca0_0 .net "id_rs1_data_reg", 31 0, L_0x55ef393e1b10;  alias, 1 drivers
v0x55ef393bad40_0 .net "id_rs2_data_reg", 31 0, L_0x55ef393e2330;  alias, 1 drivers
v0x55ef393bade0_0 .net "load_use_stall", 0 0, L_0x55ef393e4370;  1 drivers
v0x55ef393baea0_0 .net "mem_fwd_data", 31 0, v0x55ef393b2ad0_0;  alias, 1 drivers
v0x55ef393baf60_0 .net "mem_mem_read", 0 0, v0x55ef393b2d70_0;  alias, 1 drivers
v0x55ef393bb030_0 .net "mem_reg_write", 0 0, v0x55ef393b2fd0_0;  alias, 1 drivers
v0x55ef393bb100_0 .net "mem_wb_rd_addr", 4 0, v0x55ef393b2c90_0;  alias, 1 drivers
v0x55ef393bb1d0_0 .var "rs1_data_fwd", 31 0;
v0x55ef393bb2a0_0 .var "rs2_data_fwd", 31 0;
v0x55ef393bb370_0 .net "stall_ex", 0 0, L_0x55ef393e5890;  alias, 1 drivers
v0x55ef393bb440_0 .net "stall_icache", 0 0, L_0x55ef393cc730;  alias, 1 drivers
v0x55ef393bb4e0_0 .net "stall_id", 0 0, L_0x55ef393e5480;  alias, 1 drivers
v0x55ef393bb5b0_0 .net "stall_if", 0 0, L_0x55ef393e55f0;  alias, 1 drivers
v0x55ef393bb680_0 .net "stall_mem", 0 0, L_0x55ef393e3840;  alias, 1 drivers
v0x55ef393bb720_0 .net "wb_fwd_data", 31 0, v0x55ef393c4ba0_0;  alias, 1 drivers
v0x55ef393bb7f0_0 .net "wb_rd_addr", 4 0, v0x55ef393c0180_0;  alias, 1 drivers
v0x55ef393bb890_0 .net "wb_reg_write", 0 0, v0x55ef393bff10_0;  alias, 1 drivers
E_0x55ef393b8640/0 .event anyedge, v0x55ef393b2fd0_0, v0x55ef393b2c90_0, v0x55ef393b12d0_0, v0x55ef393b2ad0_0;
E_0x55ef393b8640/1 .event anyedge, v0x55ef393bb890_0, v0x55ef393bb7f0_0, v0x55ef393b41e0_0, v0x55ef393baca0_0;
E_0x55ef393b8640/2 .event anyedge, v0x55ef393b1490_0, v0x55ef393bad40_0;
E_0x55ef393b8640 .event/or E_0x55ef393b8640/0, E_0x55ef393b8640/1, E_0x55ef393b8640/2;
E_0x55ef393b8700/0 .event anyedge, v0x55ef393b2fd0_0, v0x55ef393b2c90_0, v0x55ef393aff40_0, v0x55ef393bb890_0;
E_0x55ef393b8700/1 .event anyedge, v0x55ef393bb7f0_0, v0x55ef393b0100_0;
E_0x55ef393b8700 .event/or E_0x55ef393b8700/0, E_0x55ef393b8700/1;
L_0x55ef393e3c30 .concat [ 5 27 0 0], v0x55ef393afe60_0, L_0x7f64767de840;
L_0x55ef393e3d60 .cmp/ne 32, L_0x55ef393e3c30, L_0x7f64767de888;
L_0x55ef393e3f00 .cmp/eq 5, v0x55ef393afe60_0, L_0x55ef393dee80;
L_0x55ef393e40b0 .cmp/eq 5, v0x55ef393afe60_0, L_0x55ef393df100;
L_0x55ef393e4480 .concat [ 5 27 0 0], v0x55ef393afe60_0, L_0x7f64767de8d0;
L_0x55ef393e4570 .cmp/ne 32, L_0x55ef393e4480, L_0x7f64767de918;
L_0x55ef393e4760 .cmp/eq 5, v0x55ef393afe60_0, L_0x55ef393dee80;
L_0x55ef393e4800 .cmp/eq 5, v0x55ef393afe60_0, L_0x55ef393df100;
L_0x55ef393e4b10 .concat [ 5 27 0 0], v0x55ef393b2c90_0, L_0x7f64767de960;
L_0x55ef393e4bb0 .cmp/ne 32, L_0x55ef393e4b10, L_0x7f64767de9a8;
L_0x55ef393e4dc0 .cmp/eq 5, v0x55ef393b2c90_0, L_0x55ef393dee80;
L_0x55ef393e4e60 .cmp/eq 5, v0x55ef393b2c90_0, L_0x55ef393df100;
L_0x55ef393e5a00 .reduce/nor L_0x55ef393e3840;
S_0x55ef393bbcd0 .scope module, "u_icache" "icache" 3 288, 12 5 0, S_0x55ef3931b380;
 .timescale 0 0;
    .port_info 0 /INPUT 1 "clk";
    .port_info 1 /INPUT 1 "rst_n";
    .port_info 2 /INPUT 1 "req";
    .port_info 3 /INPUT 32 "addr";
    .port_info 4 /OUTPUT 32 "rdata";
    .port_info 5 /OUTPUT 1 "hit";
    .port_info 6 /OUTPUT 1 "mem_req";
    .port_info 7 /OUTPUT 10 "mem_addr";
    .port_info 8 /INPUT 32 "mem_rdata";
    .port_info 9 /INPUT 1 "mem_ready";
P_0x55ef393bbeb0 .param/l "CACHE_ADDR_BITS" 0 12 7, +C4<00000000000000000000000000000110>;
P_0x55ef393bbef0 .param/l "CACHE_DEPTH" 1 12 25, +C4<00000000000000000000000000000001000000>;
P_0x55ef393bbf30 .param/l "PC_WIDTH" 0 12 6, +C4<00000000000000000000000000100000>;
P_0x55ef393bbf70 .param/l "STATE_FETCH" 1 12 46, C4<01>;
P_0x55ef393bbfb0 .param/l "STATE_IDLE" 1 12 45, C4<00>;
P_0x55ef393bbff0 .param/l "STATE_READY" 1 12 47, C4<10>;
P_0x55ef393bc030 .param/l "TAG_BITS" 1 12 26, +C4<0000000000000000000000000000011000>;
L_0x55ef393e5e80 .functor BUFZ 1, L_0x55ef393e5cf0, C4<0>, C4<0>, C4<0>;
L_0x7f64767deb10 .functor BUFT 1, C4<1>, C4<0>, C4<0>, C4<0>;
L_0x55ef393e6260 .functor AND 1, L_0x7f64767deb10, L_0x55ef393e5e80, C4<1>, C4<1>;
L_0x55ef393e6320 .functor AND 1, L_0x55ef393e6260, L_0x55ef393e6120, C4<1>, C4<1>;
L_0x55ef393e6570 .functor AND 1, L_0x7f64767deb10, L_0x55ef393e6430, C4<1>, C4<1>;
L_0x55ef393e6680 .functor OR 1, L_0x55ef393e6320, L_0x55ef393e6570, C4<0>, C4<0>;
L_0x55ef393e69b0 .functor BUFZ 32, L_0x55ef393e6790, C4<00000000000000000000000000000000>, C4<00000000000000000000000000000000>, C4<00000000000000000000000000000000>;
v0x55ef393bc150_0 .net *"_ivl_12", 23 0, L_0x55ef393e5f40;  1 drivers
v0x55ef393bc620_0 .net *"_ivl_14", 7 0, L_0x55ef393e5fe0;  1 drivers
L_0x7f64767dea38 .functor BUFT 1, C4<00>, C4<0>, C4<0>, C4<0>;
v0x55ef393bc700_0 .net *"_ivl_17", 1 0, L_0x7f64767dea38;  1 drivers
v0x55ef393bc7f0_0 .net *"_ivl_21", 0 0, L_0x55ef393e6260;  1 drivers
L_0x7f64767dea80 .functor BUFT 1, C4<10>, C4<0>, C4<0>, C4<0>;
v0x55ef393bc8b0_0 .net/2u *"_ivl_24", 1 0, L_0x7f64767dea80;  1 drivers
v0x55ef393bc9e0_0 .net *"_ivl_26", 0 0, L_0x55ef393e6430;  1 drivers
v0x55ef393bcaa0_0 .net *"_ivl_29", 0 0, L_0x55ef393e6570;  1 drivers
v0x55ef393bcb60_0 .net *"_ivl_32", 31 0, L_0x55ef393e6790;  1 drivers
v0x55ef393bcc40_0 .net *"_ivl_34", 7 0, L_0x55ef393e6830;  1 drivers
L_0x7f64767deac8 .functor BUFT 1, C4<00>, C4<0>, C4<0>, C4<0>;
v0x55ef393bcd20_0 .net *"_ivl_37", 1 0, L_0x7f64767deac8;  1 drivers
v0x55ef393bce00_0 .net *"_ivl_4", 0 0, L_0x55ef393e5cf0;  1 drivers
v0x55ef393bcee0_0 .net *"_ivl_6", 7 0, L_0x55ef393e5d90;  1 drivers
L_0x7f64767de9f0 .functor BUFT 1, C4<00>, C4<0>, C4<0>, C4<0>;
v0x55ef393bcfc0_0 .net *"_ivl_9", 1 0, L_0x7f64767de9f0;  1 drivers
v0x55ef393bd0a0_0 .net "addr", 31 0, L_0x55ef393cd810;  alias, 1 drivers
v0x55ef393bd160_0 .net "clk", 0 0, v0x55ef393cba60_0;  alias, 1 drivers
v0x55ef393bd200 .array "data_array", 63 0, 31 0;
v0x55ef393bd2c0_0 .net "hit", 0 0, L_0x55ef393e6680;  alias, 1 drivers
v0x55ef393bd380_0 .var/i "i", 31 0;
v0x55ef393bd460_0 .net "index", 5 0, L_0x55ef393e5bb0;  1 drivers
v0x55ef393bd540_0 .net "is_hit", 0 0, L_0x55ef393e6320;  1 drivers
v0x55ef393bd600_0 .net "mem_addr", 9 0, L_0x55ef393e6a20;  alias, 1 drivers
v0x55ef393bd6e0_0 .net "mem_rdata", 31 0, v0x55ef393c1960_0;  alias, 1 drivers
v0x55ef393bd7c0_0 .net "mem_ready", 0 0, v0x55ef393c1e90_0;  alias, 1 drivers
v0x55ef393bd880_0 .var "mem_req", 0 0;
v0x55ef393bd940_0 .net "rdata", 31 0, L_0x55ef393e69b0;  alias, 1 drivers
v0x55ef393bda30_0 .net "req", 0 0, L_0x7f64767deb10;  1 drivers
v0x55ef393bdad0_0 .net "rst_n", 0 0, v0x55ef393cc190_0;  alias, 1 drivers
v0x55ef393bdb70_0 .var "state", 1 0;
v0x55ef393bdc50_0 .net "tag", 23 0, L_0x55ef393e5c50;  1 drivers
v0x55ef393bdd30 .array "tag_array", 63 0, 23 0;
v0x55ef393bde10_0 .net "tag_match", 0 0, L_0x55ef393e6120;  1 drivers
v0x55ef393bded0 .array "valid_array", 63 0, 0 0;
v0x55ef393bdf70_0 .net "valid_match", 0 0, L_0x55ef393e5e80;  1 drivers
L_0x55ef393e5bb0 .part L_0x55ef393cd810, 2, 6;
L_0x55ef393e5c50 .part L_0x55ef393cd810, 8, 24;
L_0x55ef393e5cf0 .array/port v0x55ef393bded0, L_0x55ef393e5d90;
L_0x55ef393e5d90 .concat [ 6 2 0 0], L_0x55ef393e5bb0, L_0x7f64767de9f0;
L_0x55ef393e5f40 .array/port v0x55ef393bdd30, L_0x55ef393e5fe0;
L_0x55ef393e5fe0 .concat [ 6 2 0 0], L_0x55ef393e5bb0, L_0x7f64767dea38;
L_0x55ef393e6120 .cmp/eq 24, L_0x55ef393e5f40, L_0x55ef393e5c50;
L_0x55ef393e6430 .cmp/eq 2, v0x55ef393bdb70_0, L_0x7f64767dea80;
L_0x55ef393e6790 .array/port v0x55ef393bd200, L_0x55ef393e6830;
L_0x55ef393e6830 .concat [ 6 2 0 0], L_0x55ef393e5bb0, L_0x7f64767deac8;
L_0x55ef393e6a20 .part L_0x55ef393cd810, 2, 10;
S_0x55ef393be380 .scope module, "u_memory" "memory" 3 198, 13 5 0, S_0x55ef3931b380;
 .timescale 0 0;
    .port_info 0 /INPUT 1 "clk";
    .port_info 1 /INPUT 1 "rst_n";
    .port_info 2 /INPUT 32 "ex_mem_pc";
    .port_info 3 /INPUT 32 "ex_mem_alu_result";
    .port_info 4 /INPUT 32 "ex_mem_rs2_data";
    .port_info 5 /INPUT 5 "ex_mem_rd_addr";
    .port_info 6 /INPUT 1 "ex_mem_read";
    .port_info 7 /INPUT 1 "ex_mem_write";
    .port_info 8 /INPUT 1 "ex_reg_write";
    .port_info 9 /INPUT 2 "ex_wb_sel";
    .port_info 10 /OUTPUT 1 "cache_req";
    .port_info 11 /OUTPUT 1 "cache_wr_en";
    .port_info 12 /OUTPUT 32 "cache_addr";
    .port_info 13 /OUTPUT 32 "cache_wdata";
    .port_info 14 /INPUT 32 "cache_rdata";
    .port_info 15 /INPUT 1 "cache_hit";
    .port_info 16 /OUTPUT 1 "mmio_req";
    .port_info 17 /OUTPUT 1 "mmio_wr_en";
    .port_info 18 /OUTPUT 32 "mmio_addr";
    .port_info 19 /OUTPUT 32 "mmio_wdata";
    .port_info 20 /INPUT 32 "mmio_rdata";
    .port_info 21 /INPUT 1 "mmio_ready";
    .port_info 22 /OUTPUT 32 "mem_wb_pc";
    .port_info 23 /OUTPUT 32 "mem_wb_alu_result";
    .port_info 24 /OUTPUT 32 "mem_wb_read_data";
    .port_info 25 /OUTPUT 5 "mem_wb_rd_addr";
    .port_info 26 /OUTPUT 1 "mem_reg_write";
    .port_info 27 /OUTPUT 2 "mem_wb_sel";
    .port_info 28 /OUTPUT 1 "stall_mem";
P_0x55ef393b21d0 .param/l "MMIO_BASE_ADDR" 0 13 7, C4<10000000000000000000000000000000>;
P_0x55ef393b2210 .param/l "PC_WIDTH" 0 13 6, +C4<00000000000000000000000000100000>;
L_0x55ef393e27c0 .functor OR 1, v0x55ef393b2d70_0, v0x55ef393b2f10_0, C4<0>, C4<0>;
L_0x55ef393e2960 .functor AND 1, L_0x55ef393e27c0, L_0x55ef393e28c0, C4<1>, C4<1>;
L_0x55ef393e2b10 .functor AND 1, L_0x55ef393e27c0, L_0x55ef393e2a20, C4<1>, C4<1>;
L_0x55ef393e2bd0 .functor BUFZ 1, L_0x55ef393e2b10, C4<0>, C4<0>, C4<0>;
L_0x55ef393e2e10 .functor BUFZ 32, v0x55ef393b2ad0_0, C4<00000000000000000000000000000000>, C4<00000000000000000000000000000000>, C4<00000000000000000000000000000000>;
L_0x55ef393e2e80 .functor BUFZ 32, v0x55ef393b2e30_0, C4<00000000000000000000000000000000>, C4<00000000000000000000000000000000>, C4<00000000000000000000000000000000>;
L_0x55ef393e2f30 .functor BUFZ 1, L_0x55ef393e2960, C4<0>, C4<0>, C4<0>;
L_0x55ef393e3120 .functor BUFZ 32, v0x55ef393b2ad0_0, C4<00000000000000000000000000000000>, C4<00000000000000000000000000000000>, C4<00000000000000000000000000000000>;
L_0x55ef393e3340 .functor BUFZ 32, v0x55ef393b2e30_0, C4<00000000000000000000000000000000>, C4<00000000000000000000000000000000>, C4<00000000000000000000000000000000>;
L_0x55ef393e3580 .functor AND 1, L_0x55ef393e2b10, L_0x55ef393e34a0, C4<1>, C4<1>;
L_0x55ef393e3780 .functor AND 1, L_0x55ef393e2960, L_0x55ef393e36e0, C4<1>, C4<1>;
L_0x55ef393e3840 .functor OR 1, L_0x55ef393e3580, L_0x55ef393e3780, C4<0>, C4<0>;
L_0x7f64767de7b0 .functor BUFT 1, C4<0>, C4<0>, C4<0>, C4<0>;
v0x55ef393bea50_0 .net/2u *"_ivl_12", 0 0, L_0x7f64767de7b0;  1 drivers
L_0x7f64767de7f8 .functor BUFT 1, C4<0>, C4<0>, C4<0>, C4<0>;
v0x55ef393beb50_0 .net/2u *"_ivl_22", 0 0, L_0x7f64767de7f8;  1 drivers
v0x55ef393bec30_0 .net *"_ivl_3", 0 0, L_0x55ef393e28c0;  1 drivers
v0x55ef393bed20_0 .net *"_ivl_33", 0 0, L_0x55ef393e34a0;  1 drivers
v0x55ef393bede0_0 .net *"_ivl_35", 0 0, L_0x55ef393e3580;  1 drivers
v0x55ef393beef0_0 .net *"_ivl_37", 0 0, L_0x55ef393e36e0;  1 drivers
v0x55ef393befb0_0 .net *"_ivl_39", 0 0, L_0x55ef393e3780;  1 drivers
v0x55ef393bf070_0 .net *"_ivl_7", 0 0, L_0x55ef393e2a20;  1 drivers
v0x55ef393bf130_0 .net "cache_addr", 31 0, L_0x55ef393e2e10;  alias, 1 drivers
v0x55ef393bf1f0_0 .net "cache_hit", 0 0, L_0x55ef393e76a0;  alias, 1 drivers
v0x55ef393bf2c0_0 .net "cache_rdata", 31 0, L_0x55ef393e7a70;  alias, 1 drivers
v0x55ef393bf390_0 .net "cache_req", 0 0, L_0x55ef393e2bd0;  alias, 1 drivers
v0x55ef393bf460_0 .net "cache_wdata", 31 0, L_0x55ef393e2e80;  alias, 1 drivers
v0x55ef393bf530_0 .net "cache_wr_en", 0 0, L_0x55ef393e2c90;  alias, 1 drivers
v0x55ef393bf600_0 .net "clk", 0 0, v0x55ef393cba60_0;  alias, 1 drivers
v0x55ef393bf6a0_0 .net "ex_mem_alu_result", 31 0, v0x55ef393b2ad0_0;  alias, 1 drivers
v0x55ef393bf740_0 .net "ex_mem_pc", 31 0, v0x55ef393b2bb0_0;  alias, 1 drivers
v0x55ef393bf920_0 .net "ex_mem_rd_addr", 4 0, v0x55ef393b2c90_0;  alias, 1 drivers
v0x55ef393bf9c0_0 .net "ex_mem_read", 0 0, v0x55ef393b2d70_0;  alias, 1 drivers
v0x55ef393bfa60_0 .net "ex_mem_rs2_data", 31 0, v0x55ef393b2e30_0;  alias, 1 drivers
v0x55ef393bfb00_0 .net "ex_mem_write", 0 0, v0x55ef393b2f10_0;  alias, 1 drivers
v0x55ef393bfba0_0 .net "ex_reg_write", 0 0, v0x55ef393b2fd0_0;  alias, 1 drivers
v0x55ef393bfc90_0 .net "ex_wb_sel", 1 0, v0x55ef393b3090_0;  alias, 1 drivers
v0x55ef393bfd30_0 .net "is_cache", 0 0, L_0x55ef393e2b10;  1 drivers
v0x55ef393bfdd0_0 .net "is_mem_access", 0 0, L_0x55ef393e27c0;  1 drivers
v0x55ef393bfe70_0 .net "is_mmio", 0 0, L_0x55ef393e2960;  1 drivers
v0x55ef393bff10_0 .var "mem_reg_write", 0 0;
v0x55ef393bffe0_0 .var "mem_wb_alu_result", 31 0;
v0x55ef393c00a0_0 .var "mem_wb_pc", 31 0;
v0x55ef393c0180_0 .var "mem_wb_rd_addr", 4 0;
v0x55ef393c0270_0 .var "mem_wb_read_data", 31 0;
v0x55ef393c0330_0 .var "mem_wb_sel", 1 0;
v0x55ef393c0410_0 .net "mmio_addr", 31 0, L_0x55ef393e3120;  alias, 1 drivers
v0x55ef393c0700_0 .net "mmio_rdata", 31 0, L_0x55ef393e8540;  alias, 1 drivers
v0x55ef393c07e0_0 .net "mmio_ready", 0 0, L_0x7f64767dee28;  alias, 1 drivers
v0x55ef393c08a0_0 .net "mmio_req", 0 0, L_0x55ef393e2f30;  alias, 1 drivers
v0x55ef393c0960_0 .net "mmio_wdata", 31 0, L_0x55ef393e3340;  alias, 1 drivers
v0x55ef393c0a40_0 .net "mmio_wr_en", 0 0, L_0x55ef393e2fa0;  alias, 1 drivers
v0x55ef393c0b00_0 .net "read_data_mux", 31 0, L_0x55ef393e3400;  1 drivers
v0x55ef393c0be0_0 .net "rst_n", 0 0, v0x55ef393cc190_0;  alias, 1 drivers
v0x55ef393c0c80_0 .net "stall_mem", 0 0, L_0x55ef393e3840;  alias, 1 drivers
L_0x55ef393e28c0 .part v0x55ef393b2ad0_0, 31, 1;
L_0x55ef393e2a20 .reduce/nor L_0x55ef393e2960;
L_0x55ef393e2c90 .functor MUXZ 1, L_0x7f64767de7b0, v0x55ef393b2f10_0, L_0x55ef393e2b10, C4<>;
L_0x55ef393e2fa0 .functor MUXZ 1, L_0x7f64767de7f8, v0x55ef393b2f10_0, L_0x55ef393e2960, C4<>;
L_0x55ef393e3400 .functor MUXZ 32, L_0x55ef393e7a70, L_0x55ef393e8540, L_0x55ef393e2960, C4<>;
L_0x55ef393e34a0 .reduce/nor L_0x55ef393e76a0;
L_0x55ef393e36e0 .reduce/nor L_0x7f64767dee28;
S_0x55ef393c10d0 .scope module, "u_ram" "ram" 3 84, 14 8 0, S_0x55ef3931b380;
 .timescale 0 0;
    .port_info 0 /INPUT 1 "clk";
    .port_info 1 /INPUT 1 "ena";
    .port_info 2 /INPUT 10 "addra";
    .port_info 3 /OUTPUT 32 "douta";
    .port_info 4 /OUTPUT 1 "readya";
    .port_info 5 /INPUT 1 "enb";
    .port_info 6 /INPUT 1 "web";
    .port_info 7 /INPUT 10 "addrb";
    .port_info 8 /INPUT 32 "dinb";
    .port_info 9 /OUTPUT 32 "doutb";
    .port_info 10 /OUTPUT 1 "readyb";
P_0x55ef393c12b0 .param/l "ADDR_WIDTH" 0 14 9, +C4<00000000000000000000000000001010>;
P_0x55ef393c12f0 .param/l "DATA_WIDTH" 0 14 10, +C4<00000000000000000000000000100000>;
P_0x55ef393c1330 .param/str "INIT_HEX" 0 14 11, "RV32I/imem.hex";
P_0x55ef393c1370 .param/l "RAM_DEPTH" 1 14 32, +C4<000000000000000000000000000000010000000000>;
v0x55ef393c15e0_0 .net "addra", 9 0, L_0x55ef393e6a20;  alias, 1 drivers
v0x55ef393c16f0_0 .net "addrb", 9 0, L_0x55ef393e7b70;  alias, 1 drivers
v0x55ef393c17c0_0 .net "clk", 0 0, v0x55ef393cba60_0;  alias, 1 drivers
v0x55ef393c1890_0 .net "dinb", 31 0, L_0x55ef393e7be0;  alias, 1 drivers
v0x55ef393c1960_0 .var "douta", 31 0;
v0x55ef393c1a00_0 .var "doutb", 31 0;
v0x55ef393c1ad0 .array "dram", 1023 0, 31 0;
v0x55ef393c1b70_0 .net "ena", 0 0, v0x55ef393bd880_0;  alias, 1 drivers
v0x55ef393c1c40_0 .net "enb", 0 0, v0x55ef393ab6b0_0;  alias, 1 drivers
v0x55ef393c1d10_0 .var/i "i", 31 0;
v0x55ef393c1db0 .array "iram", 1023 0, 31 0;
v0x55ef393c1e90_0 .var "readya", 0 0;
v0x55ef393c1f60_0 .var "readyb", 0 0;
v0x55ef393c2030_0 .net "web", 0 0, v0x55ef393ab930_0;  alias, 1 drivers
S_0x55ef393c2260 .scope module, "u_regfile" "regfile" 3 154, 15 5 0, S_0x55ef3931b380;
 .timescale 0 0;
    .port_info 0 /INPUT 1 "clk";
    .port_info 1 /INPUT 1 "rst_n";
    .port_info 2 /INPUT 5 "rs1_addr";
    .port_info 3 /OUTPUT 32 "rs1_data";
    .port_info 4 /INPUT 5 "rs2_addr";
    .port_info 5 /OUTPUT 32 "rs2_data";
    .port_info 6 /INPUT 1 "reg_write";
    .port_info 7 /INPUT 5 "rd_addr";
    .port_info 8 /INPUT 32 "rd_data";
P_0x55ef393c23f0 .param/l "x0" 1 15 33, C4<00000>;
P_0x55ef393c2430 .param/l "zer0" 1 15 34, C4<00000000000000000000000000000000>;
L_0x55ef393e17d0 .functor AND 1, L_0x55ef393e3b30, L_0x55ef393e1730, C4<1>, C4<1>;
L_0x55ef393e1f50 .functor AND 1, L_0x55ef393e3b30, L_0x55ef393e1dd0, C4<1>, C4<1>;
L_0x7f64767de5b8 .functor BUFT 1, C4<00000>, C4<0>, C4<0>, C4<0>;
v0x55ef393c2670_0 .net/2u *"_ivl_0", 4 0, L_0x7f64767de5b8;  1 drivers
v0x55ef393c2750_0 .net *"_ivl_10", 31 0, L_0x55ef393e1840;  1 drivers
v0x55ef393c2830_0 .net *"_ivl_12", 6 0, L_0x55ef393e18e0;  1 drivers
L_0x7f64767de648 .functor BUFT 1, C4<00>, C4<0>, C4<0>, C4<0>;
v0x55ef393c2920_0 .net *"_ivl_15", 1 0, L_0x7f64767de648;  1 drivers
v0x55ef393c2a00_0 .net *"_ivl_16", 31 0, L_0x55ef393e19d0;  1 drivers
v0x55ef393c2b30_0 .net *"_ivl_2", 0 0, L_0x55ef393e1690;  1 drivers
L_0x7f64767de690 .functor BUFT 1, C4<00000>, C4<0>, C4<0>, C4<0>;
v0x55ef393c2bf0_0 .net/2u *"_ivl_20", 4 0, L_0x7f64767de690;  1 drivers
v0x55ef393c2cd0_0 .net *"_ivl_22", 0 0, L_0x55ef393e1ce0;  1 drivers
L_0x7f64767de6d8 .functor BUFT 1, C4<00000000000000000000000000000000>, C4<0>, C4<0>, C4<0>;
v0x55ef393c2d90_0 .net/2u *"_ivl_24", 31 0, L_0x7f64767de6d8;  1 drivers
v0x55ef393c2e70_0 .net *"_ivl_26", 0 0, L_0x55ef393e1dd0;  1 drivers
v0x55ef393c2f30_0 .net *"_ivl_29", 0 0, L_0x55ef393e1f50;  1 drivers
v0x55ef393c2ff0_0 .net *"_ivl_30", 31 0, L_0x55ef393e2050;  1 drivers
v0x55ef393c30d0_0 .net *"_ivl_32", 6 0, L_0x55ef393e20f0;  1 drivers
L_0x7f64767de720 .functor BUFT 1, C4<00>, C4<0>, C4<0>, C4<0>;
v0x55ef393c31b0_0 .net *"_ivl_35", 1 0, L_0x7f64767de720;  1 drivers
v0x55ef393c3290_0 .net *"_ivl_36", 31 0, L_0x55ef393e21f0;  1 drivers
L_0x7f64767de600 .functor BUFT 1, C4<00000000000000000000000000000000>, C4<0>, C4<0>, C4<0>;
v0x55ef393c3370_0 .net/2u *"_ivl_4", 31 0, L_0x7f64767de600;  1 drivers
v0x55ef393c3450_0 .net *"_ivl_6", 0 0, L_0x55ef393e1730;  1 drivers
v0x55ef393c3620_0 .net *"_ivl_9", 0 0, L_0x55ef393e17d0;  1 drivers
v0x55ef393c36e0_0 .net "clk", 0 0, v0x55ef393cba60_0;  alias, 1 drivers
v0x55ef393c3780_0 .var/i "i", 31 0;
v0x55ef393c3860_0 .net "rd_addr", 4 0, L_0x55ef393e3a30;  alias, 1 drivers
v0x55ef393c3940_0 .net "rd_data", 31 0, v0x55ef393c4ba0_0;  alias, 1 drivers
v0x55ef393c3a00_0 .net "reg_write", 0 0, L_0x55ef393e3b30;  alias, 1 drivers
v0x55ef393c3ac0 .array "registers", 31 0, 31 0;
v0x55ef393c3ba0_0 .net "rs1_addr", 4 0, L_0x55ef393dee80;  alias, 1 drivers
v0x55ef393c3cb0_0 .net "rs1_data", 31 0, L_0x55ef393e1b10;  alias, 1 drivers
v0x55ef393c3d70_0 .net "rs2_addr", 4 0, L_0x55ef393df100;  alias, 1 drivers
v0x55ef393c3e60_0 .net "rs2_data", 31 0, L_0x55ef393e2330;  alias, 1 drivers
v0x55ef393c3f20_0 .net "rst_n", 0 0, v0x55ef393cc190_0;  alias, 1 drivers
L_0x55ef393e1690 .cmp/eq 5, L_0x55ef393dee80, L_0x7f64767de5b8;
L_0x55ef393e1730 .cmp/eq 5, L_0x55ef393dee80, L_0x55ef393e3a30;
L_0x55ef393e1840 .array/port v0x55ef393c3ac0, L_0x55ef393e18e0;
L_0x55ef393e18e0 .concat [ 5 2 0 0], L_0x55ef393dee80, L_0x7f64767de648;
L_0x55ef393e19d0 .functor MUXZ 32, L_0x55ef393e1840, v0x55ef393c4ba0_0, L_0x55ef393e17d0, C4<>;
L_0x55ef393e1b10 .functor MUXZ 32, L_0x55ef393e19d0, L_0x7f64767de600, L_0x55ef393e1690, C4<>;
L_0x55ef393e1ce0 .cmp/eq 5, L_0x55ef393df100, L_0x7f64767de690;
L_0x55ef393e1dd0 .cmp/eq 5, L_0x55ef393df100, L_0x55ef393e3a30;
L_0x55ef393e2050 .array/port v0x55ef393c3ac0, L_0x55ef393e20f0;
L_0x55ef393e20f0 .concat [ 5 2 0 0], L_0x55ef393df100, L_0x7f64767de720;
L_0x55ef393e21f0 .functor MUXZ 32, L_0x55ef393e2050, v0x55ef393c4ba0_0, L_0x55ef393e1f50, C4<>;
L_0x55ef393e2330 .functor MUXZ 32, L_0x55ef393e21f0, L_0x7f64767de6d8, L_0x55ef393e1ce0, C4<>;
S_0x55ef393c4110 .scope module, "u_writeback" "writeback" 3 231, 16 5 0, S_0x55ef3931b380;
 .timescale 0 0;
    .port_info 0 /INPUT 32 "mem_wb_pc";
    .port_info 1 /INPUT 32 "mem_wb_alu_result";
    .port_info 2 /INPUT 32 "mem_wb_read_data";
    .port_info 3 /INPUT 5 "mem_wb_rd_addr";
    .port_info 4 /INPUT 1 "mem_reg_write";
    .port_info 5 /INPUT 2 "mem_wb_sel";
    .port_info 6 /OUTPUT 32 "wb_fwd_data";
    .port_info 7 /OUTPUT 5 "wb_rd_addr";
    .port_info 8 /OUTPUT 1 "wb_reg_write";
P_0x55ef393c42a0 .param/l "PC_WIDTH" 0 16 6, +C4<00000000000000000000000000100000>;
L_0x55ef393e3a30 .functor BUFZ 5, v0x55ef393c0180_0, C4<00000>, C4<00000>, C4<00000>;
L_0x55ef393e3b30 .functor BUFZ 1, v0x55ef393bff10_0, C4<0>, C4<0>, C4<0>;
v0x55ef393c4420_0 .net "mem_reg_write", 0 0, v0x55ef393bff10_0;  alias, 1 drivers
v0x55ef393c4530_0 .net "mem_wb_alu_result", 31 0, v0x55ef393bffe0_0;  alias, 1 drivers
v0x55ef393c45f0_0 .net "mem_wb_pc", 31 0, v0x55ef393c00a0_0;  alias, 1 drivers
v0x55ef393c46c0_0 .net "mem_wb_rd_addr", 4 0, v0x55ef393c0180_0;  alias, 1 drivers
v0x55ef393c47b0_0 .net "mem_wb_read_data", 31 0, v0x55ef393c0270_0;  alias, 1 drivers
v0x55ef393c48a0_0 .net "mem_wb_sel", 1 0, v0x55ef393c0330_0;  alias, 1 drivers
v0x55ef393c4940_0 .net "wb_fwd_data", 31 0, v0x55ef393c4ba0_0;  alias, 1 drivers
v0x55ef393c49e0_0 .net "wb_rd_addr", 4 0, L_0x55ef393e3a30;  alias, 1 drivers
v0x55ef393c4ad0_0 .net "wb_reg_write", 0 0, L_0x55ef393e3b30;  alias, 1 drivers
v0x55ef393c4ba0_0 .var "write_data", 31 0;
E_0x55ef393c4390 .event anyedge, v0x55ef393c0330_0, v0x55ef393bffe0_0, v0x55ef393c0270_0, v0x55ef393c00a0_0;
S_0x55ef393cb290 .scope task, "wait_for_completion" "wait_for_completion" 2 264, 2 264 0, S_0x55ef39375160;
 .timescale -9 -12;
v0x55ef393cb470_0 .var/i "settle_cycles", 31 0;
TD_tb_risc.wait_for_completion ;
    %pushi/vec4 0, 0, 32;
    %store/vec4 v0x55ef393cb470_0, 0, 32;
T_2.9 ;
    %load/vec4 v0x55ef393cb470_0;
    %cmpi/s 5, 0, 32;
    %jmp/0xz T_2.10, 5;
    %wait E_0x55ef392951d0;
    %load/vec4 v0x55ef393c90e0_0;
    %cmpi/u 356, 0, 32;
    %flag_inv 5; GE is !LT
    %jmp/0xz  T_2.11, 5;
    %load/vec4 v0x55ef393cb470_0;
    %addi 1, 0, 32;
    %store/vec4 v0x55ef393cb470_0, 0, 32;
    %jmp T_2.12;
T_2.11 ;
    %pushi/vec4 0, 0, 32;
    %store/vec4 v0x55ef393cb470_0, 0, 32;
T_2.12 ;
    %jmp T_2.9;
T_2.10 ;
    %end;
    .scope S_0x55ef393c10d0;
T_3 ;
    %pushi/vec4 0, 0, 32;
    %store/vec4 v0x55ef393c1d10_0, 0, 32;
T_3.0 ; Top of for-loop
    %load/vec4 v0x55ef393c1d10_0;
    %pad/s 42;
    %cmpi/s 1024, 0, 42;
	  %jmp/0xz T_3.1, 5;
    %pushi/vec4 0, 0, 32;
    %ix/getv/s 4, v0x55ef393c1d10_0;
    %store/vec4a v0x55ef393c1db0, 4, 0;
    %pushi/vec4 0, 0, 32;
    %ix/getv/s 4, v0x55ef393c1d10_0;
    %store/vec4a v0x55ef393c1ad0, 4, 0;
T_3.2 ; for-loop step statement
    %load/vec4 v0x55ef393c1d10_0;
    %addi 1, 0, 32;
    %store/vec4 v0x55ef393c1d10_0, 0, 32;
    %jmp T_3.0;
T_3.1 ; for-loop exit label
    %vpi_call 14 42 "$readmemh", P_0x55ef393c1330, v0x55ef393c1db0 {0 0 0};
    %end;
    .thread T_3;
    .scope S_0x55ef393c10d0;
T_4 ;
    %wait E_0x55ef392951d0;
    %load/vec4 v0x55ef393c1b70_0;
    %flag_set/vec4 8;
    %jmp/0xz  T_4.0, 8;
    %load/vec4 v0x55ef393c15e0_0;
    %pad/u 12;
    %ix/vec4 4;
    %load/vec4a v0x55ef393c1db0, 4;
    %assign/vec4 v0x55ef393c1960_0, 0;
    %pushi/vec4 1, 0, 1;
    %assign/vec4 v0x55ef393c1e90_0, 0;
    %jmp T_4.1;
T_4.0 ;
    %pushi/vec4 0, 0, 1;
    %assign/vec4 v0x55ef393c1e90_0, 0;
T_4.1 ;
    %jmp T_4;
    .thread T_4;
    .scope S_0x55ef393c10d0;
T_5 ;
    %wait E_0x55ef392951d0;
    %load/vec4 v0x55ef393c1c40_0;
    %flag_set/vec4 8;
    %jmp/0xz  T_5.0, 8;
    %load/vec4 v0x55ef393c2030_0;
    %flag_set/vec4 8;
    %jmp/0xz  T_5.2, 8;
    %load/vec4 v0x55ef393c1890_0;
    %load/vec4 v0x55ef393c16f0_0;
    %pad/u 12;
    %ix/vec4 3;
    %ix/load 4, 0, 0; Constant delay
    %assign/vec4/a/d v0x55ef393c1ad0, 0, 4;
T_5.2 ;
    %load/vec4 v0x55ef393c16f0_0;
    %pad/u 12;
    %ix/vec4 4;
    %load/vec4a v0x55ef393c1ad0, 4;
    %assign/vec4 v0x55ef393c1a00_0, 0;
    %pushi/vec4 1, 0, 1;
    %assign/vec4 v0x55ef393c1f60_0, 0;
    %jmp T_5.1;
T_5.0 ;
    %pushi/vec4 0, 0, 1;
    %assign/vec4 v0x55ef393c1f60_0, 0;
T_5.1 ;
    %jmp T_5;
    .thread T_5;
    .scope S_0x55ef393b4620;
T_6 ;
    %wait E_0x55ef39294010;
    %load/vec4 v0x55ef393b7970_0;
    %nor/r;
    %flag_set/vec4 8;
    %jmp/0xz  T_6.0, 8;
    %pushi/vec4 0, 0, 32;
    %assign/vec4 v0x55ef393b76f0_0, 0;
    %pushi/vec4 0, 0, 32;
    %assign/vec4 v0x55ef393b72f0_0, 0;
    %pushi/vec4 19, 0, 32;
    %assign/vec4 v0x55ef393b7230_0, 0;
    %pushi/vec4 0, 0, 1;
    %assign/vec4 v0x55ef393b73c0_0, 0;
    %jmp T_6.1;
T_6.0 ;
    %load/vec4 v0x55ef393b7610_0;
    %assign/vec4 v0x55ef393b76f0_0, 0;
    %load/vec4 v0x55ef393b70b0_0;
    %flag_set/vec4 8;
    %jmp/0xz  T_6.2, 8;
    %pushi/vec4 19, 0, 32;
    %assign/vec4 v0x55ef393b7230_0, 0;
    %pushi/vec4 0, 0, 1;
    %assign/vec4 v0x55ef393b73c0_0, 0;
    %jmp T_6.3;
T_6.2 ;
    %load/vec4 v0x55ef393b7a10_0;
    %nor/r;
    %flag_set/vec4 8;
    %jmp/0xz  T_6.4, 8;
    %load/vec4 v0x55ef393b76f0_0;
    %assign/vec4 v0x55ef393b72f0_0, 0;
    %load/vec4 v0x55ef393b7530_0;
    %assign/vec4 v0x55ef393b7230_0, 0;
    %load/vec4 v0x55ef393b77d0_0;
    %assign/vec4 v0x55ef393b73c0_0, 0;
T_6.4 ;
T_6.3 ;
T_6.1 ;
    %jmp T_6;
    .thread T_6;
    .scope S_0x55ef393b4620;
T_7 ;
    %pushi/vec4 0, 0, 32;
    %store/vec4 v0x55ef393b7150_0, 0, 32;
T_7.0 ; Top of for-loop
    %load/vec4 v0x55ef393b7150_0;
    %pad/s 40;
    %cmpi/s 256, 0, 40;
	  %jmp/0xz T_7.1, 5;
    %pushi/vec4 1, 0, 2;
    %ix/getv/s 4, v0x55ef393b7150_0;
    %store/vec4a v0x55ef393b6760, 4, 0;
    %pushi/vec4 0, 0, 32;
    %ix/getv/s 4, v0x55ef393b7150_0;
    %store/vec4a v0x55ef393b6800, 4, 0;
    %pushi/vec4 0, 0, 22;
    %ix/getv/s 4, v0x55ef393b7150_0;
    %store/vec4a v0x55ef393b7b90, 4, 0;
T_7.2 ; for-loop step statement
    %load/vec4 v0x55ef393b7150_0;
    %addi 1, 0, 32;
    %store/vec4 v0x55ef393b7150_0, 0, 32;
    %jmp T_7.0;
T_7.1 ; for-loop exit label
    %end;
    .thread T_7;
    .scope S_0x55ef393b4620;
T_8 ;
    %wait E_0x55ef392951d0;
    %load/vec4 v0x55ef393b6420_0;
    %flag_set/vec4 8;
    %jmp/0xz  T_8.0, 8;
    %load/vec4 v0x55ef393b6690_0;
    %load/vec4 v0x55ef393b7c70_0;
    %pad/u 10;
    %ix/vec4 3;
    %ix/load 4, 0, 0; Constant delay
    %assign/vec4/a/d v0x55ef393b6800, 0, 4;
    %load/vec4 v0x55ef393b7d50_0;
    %load/vec4 v0x55ef393b7c70_0;
    %pad/u 10;
    %ix/vec4 3;
    %ix/load 4, 0, 0; Constant delay
    %assign/vec4/a/d v0x55ef393b7b90, 0, 4;
    %load/vec4 v0x55ef393b7c70_0;
    %pad/u 10;
    %ix/vec4 4;
    %load/vec4a v0x55ef393b7b90, 4;
    %load/vec4 v0x55ef393b7d50_0;
    %cmp/ne;
    %jmp/0xz  T_8.2, 4;
    %load/vec4 v0x55ef393b6380_0;
    %flag_set/vec4 8;
    %jmp/0 T_8.4, 8;
    %pushi/vec4 2, 0, 2;
    %jmp/1 T_8.5, 8;
T_8.4 ; End of true expr.
    %pushi/vec4 1, 0, 2;
    %jmp/0 T_8.5, 8;
 ; End of false expr.
    %blend;
T_8.5;
    %load/vec4 v0x55ef393b7c70_0;
    %pad/u 10;
    %ix/vec4 3;
    %ix/load 4, 0, 0; Constant delay
    %assign/vec4/a/d v0x55ef393b6760, 0, 4;
    %jmp T_8.3;
T_8.2 ;
    %load/vec4 v0x55ef393b7c70_0;
    %pad/u 10;
    %ix/vec4 4;
    %load/vec4a v0x55ef393b6760, 4;
    %dup/vec4;
    %pushi/vec4 0, 0, 2;
    %cmp/u;
    %jmp/1 T_8.6, 6;
    %dup/vec4;
    %pushi/vec4 1, 0, 2;
    %cmp/u;
    %jmp/1 T_8.7, 6;
    %dup/vec4;
    %pushi/vec4 2, 0, 2;
    %cmp/u;
    %jmp/1 T_8.8, 6;
    %dup/vec4;
    %pushi/vec4 3, 0, 2;
    %cmp/u;
    %jmp/1 T_8.9, 6;
    %pushi/vec4 2, 0, 2;
    %load/vec4 v0x55ef393b7c70_0;
    %pad/u 10;
    %ix/vec4 3;
    %ix/load 4, 0, 0; Constant delay
    %assign/vec4/a/d v0x55ef393b6760, 0, 4;
    %jmp T_8.11;
T_8.6 ;
    %load/vec4 v0x55ef393b6380_0;
    %flag_set/vec4 8;
    %jmp/0 T_8.12, 8;
    %pushi/vec4 1, 0, 2;
    %jmp/1 T_8.13, 8;
T_8.12 ; End of true expr.
    %pushi/vec4 0, 0, 2;
    %jmp/0 T_8.13, 8;
 ; End of false expr.
    %blend;
T_8.13;
    %load/vec4 v0x55ef393b7c70_0;
    %pad/u 10;
    %ix/vec4 3;
    %ix/load 4, 0, 0; Constant delay
    %assign/vec4/a/d v0x55ef393b6760, 0, 4;
    %jmp T_8.11;
T_8.7 ;
    %load/vec4 v0x55ef393b6380_0;
    %flag_set/vec4 8;
    %jmp/0 T_8.14, 8;
    %pushi/vec4 2, 0, 2;
    %jmp/1 T_8.15, 8;
T_8.14 ; End of true expr.
    %pushi/vec4 0, 0, 2;
    %jmp/0 T_8.15, 8;
 ; End of false expr.
    %blend;
T_8.15;
    %load/vec4 v0x55ef393b7c70_0;
    %pad/u 10;
    %ix/vec4 3;
    %ix/load 4, 0, 0; Constant delay
    %assign/vec4/a/d v0x55ef393b6760, 0, 4;
    %jmp T_8.11;
T_8.8 ;
    %load/vec4 v0x55ef393b6380_0;
    %flag_set/vec4 8;
    %jmp/0 T_8.16, 8;
    %pushi/vec4 3, 0, 2;
    %jmp/1 T_8.17, 8;
T_8.16 ; End of true expr.
    %pushi/vec4 1, 0, 2;
    %jmp/0 T_8.17, 8;
 ; End of false expr.
    %blend;
T_8.17;
    %load/vec4 v0x55ef393b7c70_0;
    %pad/u 10;
    %ix/vec4 3;
    %ix/load 4, 0, 0; Constant delay
    %assign/vec4/a/d v0x55ef393b6760, 0, 4;
    %jmp T_8.11;
T_8.9 ;
    %load/vec4 v0x55ef393b6380_0;
    %flag_set/vec4 8;
    %jmp/0 T_8.18, 8;
    %pushi/vec4 3, 0, 2;
    %jmp/1 T_8.19, 8;
T_8.18 ; End of true expr.
    %pushi/vec4 2, 0, 2;
    %jmp/0 T_8.19, 8;
 ; End of false expr.
    %blend;
T_8.19;
    %load/vec4 v0x55ef393b7c70_0;
    %pad/u 10;
    %ix/vec4 3;
    %ix/load 4, 0, 0; Constant delay
    %assign/vec4/a/d v0x55ef393b6760, 0, 4;
    %jmp T_8.11;
T_8.11 ;
    %pop/vec4 1;
T_8.3 ;
T_8.0 ;
    %jmp T_8;
    .thread T_8;
    .scope S_0x55ef393b4620;
T_9 ;
    %wait E_0x55ef39294010;
    %load/vec4 v0x55ef393b7970_0;
    %nor/r;
    %flag_set/vec4 8;
    %jmp/0xz  T_9.0, 8;
    %pushi/vec4 0, 0, 32;
    %store/vec4 v0x55ef393b7150_0, 0, 32;
T_9.2 ; Top of for-loop
    %load/vec4 v0x55ef393b7150_0;
    %pad/s 40;
    %cmpi/s 256, 0, 40;
	  %jmp/0xz T_9.3, 5;
    %pushi/vec4 0, 0, 1;
    %ix/getv/s 3, v0x55ef393b7150_0;
    %ix/load 4, 0, 0; Constant delay
    %assign/vec4/a/d v0x55ef393b7e30, 0, 4;
T_9.4 ; for-loop step statement
    %load/vec4 v0x55ef393b7150_0;
    %addi 1, 0, 32;
    %store/vec4 v0x55ef393b7150_0, 0, 32;
    %jmp T_9.2;
T_9.3 ; for-loop exit label
    %jmp T_9.1;
T_9.0 ;
    %load/vec4 v0x55ef393b6420_0;
    %flag_set/vec4 8;
    %jmp/0xz  T_9.5, 8;
    %pushi/vec4 1, 0, 1;
    %load/vec4 v0x55ef393b7c70_0;
    %pad/u 10;
    %ix/vec4 3;
    %ix/load 4, 0, 0; Constant delay
    %assign/vec4/a/d v0x55ef393b7e30, 0, 4;
T_9.5 ;
T_9.1 ;
    %jmp T_9;
    .thread T_9;
    .scope S_0x55ef393ac660;
T_10 ;
    %wait E_0x55ef393938f0;
    %load/vec4 v0x55ef393b1110_0;
    %dup/vec4;
    %pushi/vec4 55, 0, 7;
    %cmp/u;
    %jmp/1 T_10.0, 6;
    %dup/vec4;
    %pushi/vec4 19, 0, 7;
    %cmp/u;
    %jmp/1 T_10.1, 6;
    %dup/vec4;
    %pushi/vec4 3, 0, 7;
    %cmp/u;
    %jmp/1 T_10.2, 6;
    %dup/vec4;
    %pushi/vec4 35, 0, 7;
    %cmp/u;
    %jmp/1 T_10.3, 6;
    %dup/vec4;
    %pushi/vec4 99, 0, 7;
    %cmp/u;
    %jmp/1 T_10.4, 6;
    %dup/vec4;
    %pushi/vec4 111, 0, 7;
    %cmp/u;
    %jmp/1 T_10.5, 6;
    %pushi/vec4 0, 0, 32;
    %store/vec4 v0x55ef393b0d30_0, 0, 32;
    %jmp T_10.7;
T_10.0 ;
    %load/vec4 v0x55ef393b0ab0_0;
    %parti/s 20, 12, 5;
    %concati/vec4 0, 0, 12;
    %store/vec4 v0x55ef393b0d30_0, 0, 32;
    %jmp T_10.7;
T_10.1 ;
    %load/vec4 v0x55ef393b0ab0_0;
    %parti/s 1, 31, 6;
    %replicate 20;
    %load/vec4 v0x55ef393b0ab0_0;
    %parti/s 12, 20, 6;
    %concat/vec4; draw_concat_vec4
    %store/vec4 v0x55ef393b0d30_0, 0, 32;
    %jmp T_10.7;
T_10.2 ;
    %load/vec4 v0x55ef393b0ab0_0;
    %parti/s 1, 31, 6;
    %replicate 20;
    %load/vec4 v0x55ef393b0ab0_0;
    %parti/s 12, 20, 6;
    %concat/vec4; draw_concat_vec4
    %store/vec4 v0x55ef393b0d30_0, 0, 32;
    %jmp T_10.7;
T_10.3 ;
    %load/vec4 v0x55ef393b0ab0_0;
    %parti/s 1, 31, 6;
    %replicate 20;
    %load/vec4 v0x55ef393b0ab0_0;
    %parti/s 7, 25, 6;
    %concat/vec4; draw_concat_vec4
    %load/vec4 v0x55ef393b0ab0_0;
    %parti/s 5, 7, 4;
    %concat/vec4; draw_concat_vec4
    %store/vec4 v0x55ef393b0d30_0, 0, 32;
    %jmp T_10.7;
T_10.4 ;
    %load/vec4 v0x55ef393b0ab0_0;
    %parti/s 1, 31, 6;
    %replicate 20;
    %load/vec4 v0x55ef393b0ab0_0;
    %parti/s 1, 7, 4;
    %concat/vec4; draw_concat_vec4
    %load/vec4 v0x55ef393b0ab0_0;
    %parti/s 6, 25, 6;
    %concat/vec4; draw_concat_vec4
    %load/vec4 v0x55ef393b0ab0_0;
    %parti/s 4, 8, 5;
    %concat/vec4; draw_concat_vec4
    %concati/vec4 0, 0, 1;
    %store/vec4 v0x55ef393b0d30_0, 0, 32;
    %jmp T_10.7;
T_10.5 ;
    %load/vec4 v0x55ef393b0ab0_0;
    %parti/s 1, 31, 6;
    %replicate 12;
    %load/vec4 v0x55ef393b0ab0_0;
    %parti/s 8, 12, 5;
    %concat/vec4; draw_concat_vec4
    %load/vec4 v0x55ef393b0ab0_0;
    %parti/s 1, 20, 6;
    %concat/vec4; draw_concat_vec4
    %load/vec4 v0x55ef393b0ab0_0;
    %parti/s 10, 21, 6;
    %concat/vec4; draw_concat_vec4
    %concati/vec4 0, 0, 1;
    %store/vec4 v0x55ef393b0d30_0, 0, 32;
    %jmp T_10.7;
T_10.7 ;
    %pop/vec4 1;
    %jmp T_10;
    .thread T_10, $push;
    .scope S_0x55ef393ac660;
T_11 ;
    %wait E_0x55ef391ce9a0;
    %pushi/vec4 0, 0, 1;
    %store/vec4 v0x55ef393af260_0, 0, 1;
    %pushi/vec4 0, 0, 1;
    %store/vec4 v0x55ef393af320_0, 0, 1;
    %pushi/vec4 0, 0, 1;
    %store/vec4 v0x55ef393af3e0_0, 0, 1;
    %pushi/vec4 1, 0, 1;
    %store/vec4 v0x55ef393af4a0_0, 0, 1;
    %pushi/vec4 0, 0, 2;
    %store/vec4 v0x55ef393af560_0, 0, 2;
    %pushi/vec4 0, 0, 4;
    %store/vec4 v0x55ef393af180_0, 0, 4;
    %load/vec4 v0x55ef393b1110_0;
    %dup/vec4;
    %pushi/vec4 51, 0, 7;
    %cmp/u;
    %jmp/1 T_11.0, 6;
    %dup/vec4;
    %pushi/vec4 19, 0, 7;
    %cmp/u;
    %jmp/1 T_11.1, 6;
    %dup/vec4;
    %pushi/vec4 3, 0, 7;
    %cmp/u;
    %jmp/1 T_11.2, 6;
    %dup/vec4;
    %pushi/vec4 35, 0, 7;
    %cmp/u;
    %jmp/1 T_11.3, 6;
    %dup/vec4;
    %pushi/vec4 111, 0, 7;
    %cmp/u;
    %jmp/1 T_11.4, 6;
    %dup/vec4;
    %pushi/vec4 99, 0, 7;
    %cmp/u;
    %jmp/1 T_11.5, 6;
    %dup/vec4;
    %pushi/vec4 55, 0, 7;
    %cmp/u;
    %jmp/1 T_11.6, 6;
    %pushi/vec4 0, 0, 1;
    %store/vec4 v0x55ef393af4a0_0, 0, 1;
    %jmp T_11.8;
T_11.0 ;
    %pushi/vec4 1, 0, 1;
    %store/vec4 v0x55ef393af4a0_0, 0, 1;
    %load/vec4 v0x55ef393af7c0_0;
    %dup/vec4;
    %pushi/vec4 0, 0, 3;
    %cmp/u;
    %jmp/1 T_11.9, 6;
    %dup/vec4;
    %pushi/vec4 7, 0, 3;
    %cmp/u;
    %jmp/1 T_11.10, 6;
    %dup/vec4;
    %pushi/vec4 6, 0, 3;
    %cmp/u;
    %jmp/1 T_11.11, 6;
    %dup/vec4;
    %pushi/vec4 4, 0, 3;
    %cmp/u;
    %jmp/1 T_11.12, 6;
    %dup/vec4;
    %pushi/vec4 2, 0, 3;
    %cmp/u;
    %jmp/1 T_11.13, 6;
    %pushi/vec4 0, 0, 4;
    %store/vec4 v0x55ef393af180_0, 0, 4;
    %jmp T_11.15;
T_11.9 ;
    %load/vec4 v0x55ef393af8a0_0;
    %parti/s 1, 5, 4;
    %flag_set/vec4 8;
    %jmp/0 T_11.16, 8;
    %pushi/vec4 1, 0, 4;
    %jmp/1 T_11.17, 8;
T_11.16 ; End of true expr.
    %pushi/vec4 0, 0, 4;
    %jmp/0 T_11.17, 8;
 ; End of false expr.
    %blend;
T_11.17;
    %store/vec4 v0x55ef393af180_0, 0, 4;
    %jmp T_11.15;
T_11.10 ;
    %pushi/vec4 2, 0, 4;
    %store/vec4 v0x55ef393af180_0, 0, 4;
    %jmp T_11.15;
T_11.11 ;
    %pushi/vec4 3, 0, 4;
    %store/vec4 v0x55ef393af180_0, 0, 4;
    %jmp T_11.15;
T_11.12 ;
    %pushi/vec4 4, 0, 4;
    %store/vec4 v0x55ef393af180_0, 0, 4;
    %jmp T_11.15;
T_11.13 ;
    %pushi/vec4 5, 0, 4;
    %store/vec4 v0x55ef393af180_0, 0, 4;
    %jmp T_11.15;
T_11.15 ;
    %pop/vec4 1;
    %jmp T_11.8;
T_11.1 ;
    %pushi/vec4 1, 0, 1;
    %store/vec4 v0x55ef393af4a0_0, 0, 1;
    %pushi/vec4 1, 0, 1;
    %store/vec4 v0x55ef393af260_0, 0, 1;
    %load/vec4 v0x55ef393af7c0_0;
    %dup/vec4;
    %pushi/vec4 0, 0, 3;
    %cmp/u;
    %jmp/1 T_11.18, 6;
    %dup/vec4;
    %pushi/vec4 7, 0, 3;
    %cmp/u;
    %jmp/1 T_11.19, 6;
    %dup/vec4;
    %pushi/vec4 6, 0, 3;
    %cmp/u;
    %jmp/1 T_11.20, 6;
    %dup/vec4;
    %pushi/vec4 4, 0, 3;
    %cmp/u;
    %jmp/1 T_11.21, 6;
    %dup/vec4;
    %pushi/vec4 2, 0, 3;
    %cmp/u;
    %jmp/1 T_11.22, 6;
    %pushi/vec4 0, 0, 4;
    %store/vec4 v0x55ef393af180_0, 0, 4;
    %jmp T_11.24;
T_11.18 ;
    %pushi/vec4 0, 0, 4;
    %store/vec4 v0x55ef393af180_0, 0, 4;
    %jmp T_11.24;
T_11.19 ;
    %pushi/vec4 2, 0, 4;
    %store/vec4 v0x55ef393af180_0, 0, 4;
    %jmp T_11.24;
T_11.20 ;
    %pushi/vec4 3, 0, 4;
    %store/vec4 v0x55ef393af180_0, 0, 4;
    %jmp T_11.24;
T_11.21 ;
    %pushi/vec4 4, 0, 4;
    %store/vec4 v0x55ef393af180_0, 0, 4;
    %jmp T_11.24;
T_11.22 ;
    %pushi/vec4 5, 0, 4;
    %store/vec4 v0x55ef393af180_0, 0, 4;
    %jmp T_11.24;
T_11.24 ;
    %pop/vec4 1;
    %jmp T_11.8;
T_11.2 ;
    %pushi/vec4 1, 0, 1;
    %store/vec4 v0x55ef393af4a0_0, 0, 1;
    %pushi/vec4 1, 0, 1;
    %store/vec4 v0x55ef393af260_0, 0, 1;
    %pushi/vec4 1, 0, 1;
    %store/vec4 v0x55ef393af320_0, 0, 1;
    %pushi/vec4 1, 0, 2;
    %store/vec4 v0x55ef393af560_0, 0, 2;
    %pushi/vec4 0, 0, 4;
    %store/vec4 v0x55ef393af180_0, 0, 4;
    %jmp T_11.8;
T_11.3 ;
    %pushi/vec4 0, 0, 1;
    %store/vec4 v0x55ef393af4a0_0, 0, 1;
    %pushi/vec4 1, 0, 1;
    %store/vec4 v0x55ef393af260_0, 0, 1;
    %pushi/vec4 1, 0, 1;
    %store/vec4 v0x55ef393af3e0_0, 0, 1;
    %pushi/vec4 0, 0, 4;
    %store/vec4 v0x55ef393af180_0, 0, 4;
    %jmp T_11.8;
T_11.4 ;
    %pushi/vec4 1, 0, 1;
    %store/vec4 v0x55ef393af4a0_0, 0, 1;
    %pushi/vec4 2, 0, 2;
    %store/vec4 v0x55ef393af560_0, 0, 2;
    %jmp T_11.8;
T_11.5 ;
    %pushi/vec4 0, 0, 1;
    %store/vec4 v0x55ef393af4a0_0, 0, 1;
    %pushi/vec4 0, 0, 1;
    %store/vec4 v0x55ef393af260_0, 0, 1;
    %jmp T_11.8;
T_11.6 ;
    %pushi/vec4 1, 0, 1;
    %store/vec4 v0x55ef393af4a0_0, 0, 1;
    %pushi/vec4 1, 0, 1;
    %store/vec4 v0x55ef393af260_0, 0, 1;
    %pushi/vec4 0, 0, 4;
    %store/vec4 v0x55ef393af180_0, 0, 4;
    %jmp T_11.8;
T_11.8 ;
    %pop/vec4 1;
    %jmp T_11;
    .thread T_11, $push;
    .scope S_0x55ef393ac660;
T_12 ;
    %wait E_0x55ef39294010;
    %load/vec4 v0x55ef393b1650_0;
    %nor/r;
    %flag_set/vec4 8;
    %jmp/0xz  T_12.0, 8;
    %pushi/vec4 0, 0, 32;
    %assign/vec4 v0x55ef393afd80_0, 0;
    %pushi/vec4 0, 0, 32;
    %assign/vec4 v0x55ef393b0020_0, 0;
    %pushi/vec4 0, 0, 32;
    %assign/vec4 v0x55ef393b01e0_0, 0;
    %pushi/vec4 0, 0, 32;
    %assign/vec4 v0x55ef393afca0_0, 0;
    %pushi/vec4 0, 0, 5;
    %assign/vec4 v0x55ef393afe60_0, 0;
    %pushi/vec4 0, 0, 5;
    %assign/vec4 v0x55ef393aff40_0, 0;
    %pushi/vec4 0, 0, 5;
    %assign/vec4 v0x55ef393b0100_0, 0;
    %pushi/vec4 0, 0, 4;
    %assign/vec4 v0x55ef393afb00_0, 0;
    %pushi/vec4 0, 0, 1;
    %assign/vec4 v0x55ef393afbe0_0, 0;
    %pushi/vec4 0, 0, 1;
    %assign/vec4 v0x55ef393b0380_0, 0;
    %pushi/vec4 0, 0, 1;
    %assign/vec4 v0x55ef393b0440_0, 0;
    %pushi/vec4 0, 0, 1;
    %assign/vec4 v0x55ef393b0910_0, 0;
    %pushi/vec4 0, 0, 2;
    %assign/vec4 v0x55ef393b09d0_0, 0;
    %jmp T_12.1;
T_12.0 ;
    %load/vec4 v0x55ef393af700_0;
    %flag_set/vec4 8;
    %jmp/0xz  T_12.2, 8;
    %pushi/vec4 0, 0, 32;
    %assign/vec4 v0x55ef393afd80_0, 0;
    %pushi/vec4 0, 0, 32;
    %assign/vec4 v0x55ef393b0020_0, 0;
    %pushi/vec4 0, 0, 32;
    %assign/vec4 v0x55ef393b01e0_0, 0;
    %pushi/vec4 0, 0, 32;
    %assign/vec4 v0x55ef393afca0_0, 0;
    %pushi/vec4 0, 0, 5;
    %assign/vec4 v0x55ef393afe60_0, 0;
    %pushi/vec4 0, 0, 5;
    %assign/vec4 v0x55ef393aff40_0, 0;
    %pushi/vec4 0, 0, 5;
    %assign/vec4 v0x55ef393b0100_0, 0;
    %pushi/vec4 0, 0, 4;
    %assign/vec4 v0x55ef393afb00_0, 0;
    %pushi/vec4 0, 0, 1;
    %assign/vec4 v0x55ef393afbe0_0, 0;
    %pushi/vec4 0, 0, 1;
    %assign/vec4 v0x55ef393b0380_0, 0;
    %pushi/vec4 0, 0, 1;
    %assign/vec4 v0x55ef393b0440_0, 0;
    %pushi/vec4 0, 0, 1;
    %assign/vec4 v0x55ef393b0910_0, 0;
    %pushi/vec4 0, 0, 2;
    %assign/vec4 v0x55ef393b09d0_0, 0;
    %jmp T_12.3;
T_12.2 ;
    %load/vec4 v0x55ef393b1940_0;
    %nor/r;
    %flag_set/vec4 8;
    %jmp/0xz  T_12.4, 8;
    %load/vec4 v0x55ef393b0b90_0;
    %assign/vec4 v0x55ef393afd80_0, 0;
    %load/vec4 v0x55ef393b13b0_0;
    %assign/vec4 v0x55ef393b0020_0, 0;
    %load/vec4 v0x55ef393b1570_0;
    %assign/vec4 v0x55ef393b01e0_0, 0;
    %load/vec4 v0x55ef393b0d30_0;
    %assign/vec4 v0x55ef393afca0_0, 0;
    %load/vec4 v0x55ef393b11f0_0;
    %assign/vec4 v0x55ef393afe60_0, 0;
    %load/vec4 v0x55ef393b12d0_0;
    %assign/vec4 v0x55ef393aff40_0, 0;
    %load/vec4 v0x55ef393b1490_0;
    %assign/vec4 v0x55ef393b0100_0, 0;
    %load/vec4 v0x55ef393af180_0;
    %assign/vec4 v0x55ef393afb00_0, 0;
    %load/vec4 v0x55ef393af260_0;
    %assign/vec4 v0x55ef393afbe0_0, 0;
    %load/vec4 v0x55ef393af320_0;
    %assign/vec4 v0x55ef393b0380_0, 0;
    %load/vec4 v0x55ef393af3e0_0;
    %assign/vec4 v0x55ef393b0440_0, 0;
    %load/vec4 v0x55ef393af4a0_0;
    %assign/vec4 v0x55ef393b0910_0, 0;
    %load/vec4 v0x55ef393af560_0;
    %assign/vec4 v0x55ef393b09d0_0, 0;
T_12.4 ;
T_12.3 ;
T_12.1 ;
    %jmp T_12;
    .thread T_12;
    .scope S_0x55ef393c2260;
T_13 ;
    %pushi/vec4 0, 0, 32;
    %store/vec4 v0x55ef393c3780_0, 0, 32;
T_13.0 ; Top of for-loop
    %load/vec4 v0x55ef393c3780_0;
    %cmpi/s 32, 0, 32;
	  %jmp/0xz T_13.1, 5;
    %pushi/vec4 0, 0, 32;
    %ix/getv/s 4, v0x55ef393c3780_0;
    %store/vec4a v0x55ef393c3ac0, 4, 0;
T_13.2 ; for-loop step statement
    %load/vec4 v0x55ef393c3780_0;
    %addi 1, 0, 32;
    %store/vec4 v0x55ef393c3780_0, 0, 32;
    %jmp T_13.0;
T_13.1 ; for-loop exit label
    %end;
    .thread T_13;
    .scope S_0x55ef393c2260;
T_14 ;
    %wait E_0x55ef392951d0;
    %load/vec4 v0x55ef393c3a00_0;
    %flag_set/vec4 9;
    %flag_get/vec4 9;
    %jmp/0 T_14.2, 9;
    %load/vec4 v0x55ef393c3860_0;
    %pushi/vec4 0, 0, 5;
    %cmp/ne;
    %flag_get/vec4 4;
    %and;
T_14.2;
    %flag_set/vec4 8;
    %jmp/0xz  T_14.0, 8;
    %load/vec4 v0x55ef393c3940_0;
    %load/vec4 v0x55ef393c3860_0;
    %pad/u 7;
    %ix/vec4 3;
    %ix/load 4, 0, 0; Constant delay
    %assign/vec4/a/d v0x55ef393c3ac0, 0, 4;
T_14.0 ;
    %jmp T_14;
    .thread T_14;
    .scope S_0x55ef393b1f60;
T_15 ;
    %wait E_0x55ef393b26e0;
    %load/vec4 v0x55ef393b3230_0;
    %dup/vec4;
    %pushi/vec4 2, 0, 2;
    %cmp/u;
    %jmp/1 T_15.0, 6;
    %dup/vec4;
    %pushi/vec4 1, 0, 2;
    %cmp/u;
    %jmp/1 T_15.1, 6;
    %load/vec4 v0x55ef393b39b0_0;
    %store/vec4 v0x55ef393b33f0_0, 0, 32;
    %jmp T_15.3;
T_15.0 ;
    %load/vec4 v0x55ef393b3e90_0;
    %store/vec4 v0x55ef393b33f0_0, 0, 32;
    %jmp T_15.3;
T_15.1 ;
    %load/vec4 v0x55ef393b41e0_0;
    %store/vec4 v0x55ef393b33f0_0, 0, 32;
    %jmp T_15.3;
T_15.3 ;
    %pop/vec4 1;
    %load/vec4 v0x55ef393b3310_0;
    %dup/vec4;
    %pushi/vec4 2, 0, 2;
    %cmp/u;
    %jmp/1 T_15.4, 6;
    %dup/vec4;
    %pushi/vec4 1, 0, 2;
    %cmp/u;
    %jmp/1 T_15.5, 6;
    %load/vec4 v0x55ef393b3a80_0;
    %store/vec4 v0x55ef393b34d0_0, 0, 32;
    %jmp T_15.7;
T_15.4 ;
    %load/vec4 v0x55ef393b3e90_0;
    %store/vec4 v0x55ef393b34d0_0, 0, 32;
    %jmp T_15.7;
T_15.5 ;
    %load/vec4 v0x55ef393b41e0_0;
    %store/vec4 v0x55ef393b34d0_0, 0, 32;
    %jmp T_15.7;
T_15.7 ;
    %pop/vec4 1;
    %jmp T_15;
    .thread T_15, $push;
    .scope S_0x55ef393b1f60;
T_16 ;
    %wait E_0x55ef393b2650;
    %load/vec4 v0x55ef393b35b0_0;
    %dup/vec4;
    %pushi/vec4 0, 0, 4;
    %cmp/u;
    %jmp/1 T_16.0, 6;
    %dup/vec4;
    %pushi/vec4 1, 0, 4;
    %cmp/u;
    %jmp/1 T_16.1, 6;
    %dup/vec4;
    %pushi/vec4 2, 0, 4;
    %cmp/u;
    %jmp/1 T_16.2, 6;
    %dup/vec4;
    %pushi/vec4 3, 0, 4;
    %cmp/u;
    %jmp/1 T_16.3, 6;
    %dup/vec4;
    %pushi/vec4 4, 0, 4;
    %cmp/u;
    %jmp/1 T_16.4, 6;
    %dup/vec4;
    %pushi/vec4 5, 0, 4;
    %cmp/u;
    %jmp/1 T_16.5, 6;
    %pushi/vec4 0, 0, 32;
    %store/vec4 v0x55ef393b2940_0, 0, 32;
    %jmp T_16.7;
T_16.0 ;
    %load/vec4 v0x55ef393b2760_0;
    %load/vec4 v0x55ef393b2860_0;
    %add;
    %store/vec4 v0x55ef393b2940_0, 0, 32;
    %jmp T_16.7;
T_16.1 ;
    %load/vec4 v0x55ef393b2760_0;
    %load/vec4 v0x55ef393b2860_0;
    %sub;
    %store/vec4 v0x55ef393b2940_0, 0, 32;
    %jmp T_16.7;
T_16.2 ;
    %load/vec4 v0x55ef393b2760_0;
    %load/vec4 v0x55ef393b2860_0;
    %and;
    %store/vec4 v0x55ef393b2940_0, 0, 32;
    %jmp T_16.7;
T_16.3 ;
    %load/vec4 v0x55ef393b2760_0;
    %load/vec4 v0x55ef393b2860_0;
    %or;
    %store/vec4 v0x55ef393b2940_0, 0, 32;
    %jmp T_16.7;
T_16.4 ;
    %load/vec4 v0x55ef393b2760_0;
    %load/vec4 v0x55ef393b2860_0;
    %xor;
    %store/vec4 v0x55ef393b2940_0, 0, 32;
    %jmp T_16.7;
T_16.5 ;
    %load/vec4 v0x55ef393b4000_0;
    %load/vec4 v0x55ef393b40a0_0;
    %cmp/s;
    %flag_mov 8, 5;
    %jmp/0 T_16.8, 8;
    %pushi/vec4 1, 0, 32;
    %jmp/1 T_16.9, 8;
T_16.8 ; End of true expr.
    %pushi/vec4 0, 0, 32;
    %jmp/0 T_16.9, 8;
 ; End of false expr.
    %blend;
T_16.9;
    %store/vec4 v0x55ef393b2940_0, 0, 32;
    %jmp T_16.7;
T_16.7 ;
    %pop/vec4 1;
    %jmp T_16;
    .thread T_16, $push;
    .scope S_0x55ef393b1f60;
T_17 ;
    %wait E_0x55ef39294010;
    %load/vec4 v0x55ef393b3f60_0;
    %nor/r;
    %flag_set/vec4 8;
    %jmp/0xz  T_17.0, 8;
    %pushi/vec4 0, 0, 32;
    %assign/vec4 v0x55ef393b2bb0_0, 0;
    %pushi/vec4 0, 0, 32;
    %assign/vec4 v0x55ef393b2ad0_0, 0;
    %pushi/vec4 0, 0, 32;
    %assign/vec4 v0x55ef393b2e30_0, 0;
    %pushi/vec4 0, 0, 5;
    %assign/vec4 v0x55ef393b2c90_0, 0;
    %pushi/vec4 0, 0, 1;
    %assign/vec4 v0x55ef393b2d70_0, 0;
    %pushi/vec4 0, 0, 1;
    %assign/vec4 v0x55ef393b2f10_0, 0;
    %pushi/vec4 0, 0, 1;
    %assign/vec4 v0x55ef393b2fd0_0, 0;
    %pushi/vec4 0, 0, 2;
    %assign/vec4 v0x55ef393b3090_0, 0;
    %jmp T_17.1;
T_17.0 ;
    %load/vec4 v0x55ef393b3170_0;
    %flag_set/vec4 8;
    %jmp/0xz  T_17.2, 8;
    %pushi/vec4 0, 0, 32;
    %assign/vec4 v0x55ef393b2bb0_0, 0;
    %pushi/vec4 0, 0, 32;
    %assign/vec4 v0x55ef393b2ad0_0, 0;
    %pushi/vec4 0, 0, 32;
    %assign/vec4 v0x55ef393b2e30_0, 0;
    %pushi/vec4 0, 0, 5;
    %assign/vec4 v0x55ef393b2c90_0, 0;
    %pushi/vec4 0, 0, 1;
    %assign/vec4 v0x55ef393b2d70_0, 0;
    %pushi/vec4 0, 0, 1;
    %assign/vec4 v0x55ef393b2f10_0, 0;
    %pushi/vec4 0, 0, 1;
    %assign/vec4 v0x55ef393b2fd0_0, 0;
    %pushi/vec4 0, 0, 2;
    %assign/vec4 v0x55ef393b3090_0, 0;
    %jmp T_17.3;
T_17.2 ;
    %load/vec4 v0x55ef393b4140_0;
    %nor/r;
    %flag_set/vec4 8;
    %jmp/0xz  T_17.4, 8;
    %load/vec4 v0x55ef393b3810_0;
    %assign/vec4 v0x55ef393b2bb0_0, 0;
    %load/vec4 v0x55ef393b3dc0_0;
    %cmpi/e 2, 0, 2;
    %flag_mov 8, 4;
    %jmp/0 T_17.6, 8;
    %load/vec4 v0x55ef393b3810_0;
    %addi 4, 0, 32;
    %jmp/1 T_17.7, 8;
T_17.6 ; End of true expr.
    %load/vec4 v0x55ef393b2940_0;
    %jmp/0 T_17.7, 8;
 ; End of false expr.
    %blend;
T_17.7;
    %assign/vec4 v0x55ef393b2ad0_0, 0;
    %load/vec4 v0x55ef393b34d0_0;
    %assign/vec4 v0x55ef393b2e30_0, 0;
    %load/vec4 v0x55ef393b38e0_0;
    %assign/vec4 v0x55ef393b2c90_0, 0;
    %load/vec4 v0x55ef393b3b50_0;
    %assign/vec4 v0x55ef393b2d70_0, 0;
    %load/vec4 v0x55ef393b3c20_0;
    %assign/vec4 v0x55ef393b2f10_0, 0;
    %load/vec4 v0x55ef393b3cf0_0;
    %assign/vec4 v0x55ef393b2fd0_0, 0;
    %load/vec4 v0x55ef393b3dc0_0;
    %assign/vec4 v0x55ef393b3090_0, 0;
T_17.4 ;
T_17.3 ;
T_17.1 ;
    %jmp T_17;
    .thread T_17;
    .scope S_0x55ef393be380;
T_18 ;
    %wait E_0x55ef39294010;
    %load/vec4 v0x55ef393c0be0_0;
    %nor/r;
    %flag_set/vec4 8;
    %jmp/0xz  T_18.0, 8;
    %pushi/vec4 0, 0, 32;
    %assign/vec4 v0x55ef393c00a0_0, 0;
    %pushi/vec4 0, 0, 32;
    %assign/vec4 v0x55ef393bffe0_0, 0;
    %pushi/vec4 0, 0, 32;
    %assign/vec4 v0x55ef393c0270_0, 0;
    %pushi/vec4 0, 0, 5;
    %assign/vec4 v0x55ef393c0180_0, 0;
    %pushi/vec4 0, 0, 1;
    %assign/vec4 v0x55ef393bff10_0, 0;
    %pushi/vec4 0, 0, 2;
    %assign/vec4 v0x55ef393c0330_0, 0;
    %jmp T_18.1;
T_18.0 ;
    %load/vec4 v0x55ef393c0c80_0;
    %nor/r;
    %flag_set/vec4 8;
    %jmp/0xz  T_18.2, 8;
    %load/vec4 v0x55ef393bf740_0;
    %assign/vec4 v0x55ef393c00a0_0, 0;
    %load/vec4 v0x55ef393bf6a0_0;
    %assign/vec4 v0x55ef393bffe0_0, 0;
    %load/vec4 v0x55ef393c0b00_0;
    %assign/vec4 v0x55ef393c0270_0, 0;
    %load/vec4 v0x55ef393bf920_0;
    %assign/vec4 v0x55ef393c0180_0, 0;
    %load/vec4 v0x55ef393bfba0_0;
    %assign/vec4 v0x55ef393bff10_0, 0;
    %load/vec4 v0x55ef393bfc90_0;
    %assign/vec4 v0x55ef393c0330_0, 0;
T_18.2 ;
T_18.1 ;
    %jmp T_18;
    .thread T_18;
    .scope S_0x55ef393c4110;
T_19 ;
    %wait E_0x55ef393c4390;
    %load/vec4 v0x55ef393c48a0_0;
    %dup/vec4;
    %pushi/vec4 0, 0, 2;
    %cmp/u;
    %jmp/1 T_19.0, 6;
    %dup/vec4;
    %pushi/vec4 1, 0, 2;
    %cmp/u;
    %jmp/1 T_19.1, 6;
    %dup/vec4;
    %pushi/vec4 2, 0, 2;
    %cmp/u;
    %jmp/1 T_19.2, 6;
    %pushi/vec4 0, 0, 32;
    %store/vec4 v0x55ef393c4ba0_0, 0, 32;
    %jmp T_19.4;
T_19.0 ;
    %load/vec4 v0x55ef393c4530_0;
    %store/vec4 v0x55ef393c4ba0_0, 0, 32;
    %jmp T_19.4;
T_19.1 ;
    %load/vec4 v0x55ef393c47b0_0;
    %store/vec4 v0x55ef393c4ba0_0, 0, 32;
    %jmp T_19.4;
T_19.2 ;
    %load/vec4 v0x55ef393c45f0_0;
    %addi 4, 0, 32;
    %store/vec4 v0x55ef393c4ba0_0, 0, 32;
    %jmp T_19.4;
T_19.4 ;
    %pop/vec4 1;
    %jmp T_19;
    .thread T_19, $push;
    .scope S_0x55ef393b80b0;
T_20 ;
    %wait E_0x55ef393b8700;
    %load/vec4 v0x55ef393bb030_0;
    %flag_set/vec4 10;
    %flag_get/vec4 10;
    %jmp/0 T_20.3, 10;
    %load/vec4 v0x55ef393bb100_0;
    %pad/u 32;
    %pushi/vec4 0, 0, 32;
    %cmp/ne;
    %flag_get/vec4 4;
    %and;
T_20.3;
    %flag_set/vec4 9;
    %flag_get/vec4 9;
    %jmp/0 T_20.2, 9;
    %load/vec4 v0x55ef393bb100_0;
    %load/vec4 v0x55ef393ba530_0;
    %cmp/e;
    %flag_get/vec4 4;
    %and;
T_20.2;
    %flag_set/vec4 8;
    %jmp/0xz  T_20.0, 8;
    %pushi/vec4 2, 0, 2;
    %store/vec4 v0x55ef393ba820_0, 0, 2;
    %jmp T_20.1;
T_20.0 ;
    %load/vec4 v0x55ef393bb890_0;
    %flag_set/vec4 10;
    %flag_get/vec4 10;
    %jmp/0 T_20.7, 10;
    %load/vec4 v0x55ef393bb7f0_0;
    %pad/u 32;
    %pushi/vec4 0, 0, 32;
    %cmp/ne;
    %flag_get/vec4 4;
    %and;
T_20.7;
    %flag_set/vec4 9;
    %flag_get/vec4 9;
    %jmp/0 T_20.6, 9;
    %load/vec4 v0x55ef393bb7f0_0;
    %load/vec4 v0x55ef393ba530_0;
    %cmp/e;
    %flag_get/vec4 4;
    %and;
T_20.6;
    %flag_set/vec4 8;
    %jmp/0xz  T_20.4, 8;
    %pushi/vec4 1, 0, 2;
    %store/vec4 v0x55ef393ba820_0, 0, 2;
    %jmp T_20.5;
T_20.4 ;
    %pushi/vec4 0, 0, 2;
    %store/vec4 v0x55ef393ba820_0, 0, 2;
T_20.5 ;
T_20.1 ;
    %load/vec4 v0x55ef393bb030_0;
    %flag_set/vec4 10;
    %flag_get/vec4 10;
    %jmp/0 T_20.11, 10;
    %load/vec4 v0x55ef393bb100_0;
    %pad/u 32;
    %pushi/vec4 0, 0, 32;
    %cmp/ne;
    %flag_get/vec4 4;
    %and;
T_20.11;
    %flag_set/vec4 9;
    %flag_get/vec4 9;
    %jmp/0 T_20.10, 9;
    %load/vec4 v0x55ef393bb100_0;
    %load/vec4 v0x55ef393ba5f0_0;
    %cmp/e;
    %flag_get/vec4 4;
    %and;
T_20.10;
    %flag_set/vec4 8;
    %jmp/0xz  T_20.8, 8;
    %pushi/vec4 2, 0, 2;
    %store/vec4 v0x55ef393ba8c0_0, 0, 2;
    %jmp T_20.9;
T_20.8 ;
    %load/vec4 v0x55ef393bb890_0;
    %flag_set/vec4 10;
    %flag_get/vec4 10;
    %jmp/0 T_20.15, 10;
    %load/vec4 v0x55ef393bb7f0_0;
    %pad/u 32;
    %pushi/vec4 0, 0, 32;
    %cmp/ne;
    %flag_get/vec4 4;
    %and;
T_20.15;
    %flag_set/vec4 9;
    %flag_get/vec4 9;
    %jmp/0 T_20.14, 9;
    %load/vec4 v0x55ef393bb7f0_0;
    %load/vec4 v0x55ef393ba5f0_0;
    %cmp/e;
    %flag_get/vec4 4;
    %and;
T_20.14;
    %flag_set/vec4 8;
    %jmp/0xz  T_20.12, 8;
    %pushi/vec4 1, 0, 2;
    %store/vec4 v0x55ef393ba8c0_0, 0, 2;
    %jmp T_20.13;
T_20.12 ;
    %pushi/vec4 0, 0, 2;
    %store/vec4 v0x55ef393ba8c0_0, 0, 2;
T_20.13 ;
T_20.9 ;
    %jmp T_20;
    .thread T_20, $push;
    .scope S_0x55ef393b80b0;
T_21 ;
    %wait E_0x55ef393b8640;
    %load/vec4 v0x55ef393bb030_0;
    %flag_set/vec4 10;
    %flag_get/vec4 10;
    %jmp/0 T_21.3, 10;
    %load/vec4 v0x55ef393bb100_0;
    %pad/u 32;
    %pushi/vec4 0, 0, 32;
    %cmp/ne;
    %flag_get/vec4 4;
    %and;
T_21.3;
    %flag_set/vec4 9;
    %flag_get/vec4 9;
    %jmp/0 T_21.2, 9;
    %load/vec4 v0x55ef393bb100_0;
    %load/vec4 v0x55ef393ba960_0;
    %cmp/e;
    %flag_get/vec4 4;
    %and;
T_21.2;
    %flag_set/vec4 8;
    %jmp/0xz  T_21.0, 8;
    %load/vec4 v0x55ef393baea0_0;
    %store/vec4 v0x55ef393bb1d0_0, 0, 32;
    %jmp T_21.1;
T_21.0 ;
    %load/vec4 v0x55ef393bb890_0;
    %flag_set/vec4 10;
    %flag_get/vec4 10;
    %jmp/0 T_21.7, 10;
    %load/vec4 v0x55ef393bb7f0_0;
    %pad/u 32;
    %pushi/vec4 0, 0, 32;
    %cmp/ne;
    %flag_get/vec4 4;
    %and;
T_21.7;
    %flag_set/vec4 9;
    %flag_get/vec4 9;
    %jmp/0 T_21.6, 9;
    %load/vec4 v0x55ef393bb7f0_0;
    %load/vec4 v0x55ef393ba960_0;
    %cmp/e;
    %flag_get/vec4 4;
    %and;
T_21.6;
    %flag_set/vec4 8;
    %jmp/0xz  T_21.4, 8;
    %load/vec4 v0x55ef393bb720_0;
    %store/vec4 v0x55ef393bb1d0_0, 0, 32;
    %jmp T_21.5;
T_21.4 ;
    %load/vec4 v0x55ef393baca0_0;
    %store/vec4 v0x55ef393bb1d0_0, 0, 32;
T_21.5 ;
T_21.1 ;
    %load/vec4 v0x55ef393bb030_0;
    %flag_set/vec4 10;
    %flag_get/vec4 10;
    %jmp/0 T_21.11, 10;
    %load/vec4 v0x55ef393bb100_0;
    %pad/u 32;
    %pushi/vec4 0, 0, 32;
    %cmp/ne;
    %flag_get/vec4 4;
    %and;
T_21.11;
    %flag_set/vec4 9;
    %flag_get/vec4 9;
    %jmp/0 T_21.10, 9;
    %load/vec4 v0x55ef393bb100_0;
    %load/vec4 v0x55ef393baa30_0;
    %cmp/e;
    %flag_get/vec4 4;
    %and;
T_21.10;
    %flag_set/vec4 8;
    %jmp/0xz  T_21.8, 8;
    %load/vec4 v0x55ef393baea0_0;
    %store/vec4 v0x55ef393bb2a0_0, 0, 32;
    %jmp T_21.9;
T_21.8 ;
    %load/vec4 v0x55ef393bb890_0;
    %flag_set/vec4 10;
    %flag_get/vec4 10;
    %jmp/0 T_21.15, 10;
    %load/vec4 v0x55ef393bb7f0_0;
    %pad/u 32;
    %pushi/vec4 0, 0, 32;
    %cmp/ne;
    %flag_get/vec4 4;
    %and;
T_21.15;
    %flag_set/vec4 9;
    %flag_get/vec4 9;
    %jmp/0 T_21.14, 9;
    %load/vec4 v0x55ef393bb7f0_0;
    %load/vec4 v0x55ef393baa30_0;
    %cmp/e;
    %flag_get/vec4 4;
    %and;
T_21.14;
    %flag_set/vec4 8;
    %jmp/0xz  T_21.12, 8;
    %load/vec4 v0x55ef393bb720_0;
    %store/vec4 v0x55ef393bb2a0_0, 0, 32;
    %jmp T_21.13;
T_21.12 ;
    %load/vec4 v0x55ef393bad40_0;
    %store/vec4 v0x55ef393bb2a0_0, 0, 32;
T_21.13 ;
T_21.9 ;
    %jmp T_21;
    .thread T_21, $push;
    .scope S_0x55ef393bbcd0;
T_22 ;
    %wait E_0x55ef392951d0;
    %load/vec4 v0x55ef393bdb70_0;
    %cmpi/e 1, 0, 2;
    %flag_get/vec4 4;
    %jmp/0 T_22.2, 4;
    %load/vec4 v0x55ef393bd7c0_0;
    %and;
T_22.2;
    %flag_set/vec4 8;
    %jmp/0xz  T_22.0, 8;
    %load/vec4 v0x55ef393bd6e0_0;
    %load/vec4 v0x55ef393bd460_0;
    %pad/u 8;
    %ix/vec4 3;
    %ix/load 4, 0, 0; Constant delay
    %assign/vec4/a/d v0x55ef393bd200, 0, 4;
    %load/vec4 v0x55ef393bdc50_0;
    %load/vec4 v0x55ef393bd460_0;
    %pad/u 8;
    %ix/vec4 3;
    %ix/load 4, 0, 0; Constant delay
    %assign/vec4/a/d v0x55ef393bdd30, 0, 4;
T_22.0 ;
    %jmp T_22;
    .thread T_22;
    .scope S_0x55ef393bbcd0;
T_23 ;
    %wait E_0x55ef39294010;
    %load/vec4 v0x55ef393bdad0_0;
    %nor/r;
    %flag_set/vec4 8;
    %jmp/0xz  T_23.0, 8;
    %pushi/vec4 0, 0, 2;
    %assign/vec4 v0x55ef393bdb70_0, 0;
    %pushi/vec4 0, 0, 1;
    %assign/vec4 v0x55ef393bd880_0, 0;
    %pushi/vec4 0, 0, 32;
    %store/vec4 v0x55ef393bd380_0, 0, 32;
T_23.2 ; Top of for-loop
    %load/vec4 v0x55ef393bd380_0;
    %pad/s 38;
    %cmpi/s 64, 0, 38;
	  %jmp/0xz T_23.3, 5;
    %pushi/vec4 0, 0, 1;
    %ix/getv/s 3, v0x55ef393bd380_0;
    %ix/load 4, 0, 0; Constant delay
    %assign/vec4/a/d v0x55ef393bded0, 0, 4;
T_23.4 ; for-loop step statement
    %load/vec4 v0x55ef393bd380_0;
    %addi 1, 0, 32;
    %store/vec4 v0x55ef393bd380_0, 0, 32;
    %jmp T_23.2;
T_23.3 ; for-loop exit label
    %jmp T_23.1;
T_23.0 ;
    %load/vec4 v0x55ef393bdb70_0;
    %dup/vec4;
    %pushi/vec4 0, 0, 2;
    %cmp/u;
    %jmp/1 T_23.5, 6;
    %dup/vec4;
    %pushi/vec4 1, 0, 2;
    %cmp/u;
    %jmp/1 T_23.6, 6;
    %dup/vec4;
    %pushi/vec4 2, 0, 2;
    %cmp/u;
    %jmp/1 T_23.7, 6;
    %pushi/vec4 0, 0, 2;
    %assign/vec4 v0x55ef393bdb70_0, 0;
    %jmp T_23.9;
T_23.5 ;
    %load/vec4 v0x55ef393bda30_0;
    %flag_set/vec4 9;
    %flag_get/vec4 9;
    %jmp/0 T_23.12, 9;
    %load/vec4 v0x55ef393bd540_0;
    %nor/r;
    %and;
T_23.12;
    %flag_set/vec4 8;
    %jmp/0xz  T_23.10, 8;
    %pushi/vec4 1, 0, 2;
    %assign/vec4 v0x55ef393bdb70_0, 0;
    %pushi/vec4 1, 0, 1;
    %assign/vec4 v0x55ef393bd880_0, 0;
    %jmp T_23.11;
T_23.10 ;
    %pushi/vec4 0, 0, 1;
    %assign/vec4 v0x55ef393bd880_0, 0;
T_23.11 ;
    %jmp T_23.9;
T_23.6 ;
    %load/vec4 v0x55ef393bd7c0_0;
    %flag_set/vec4 8;
    %jmp/0xz  T_23.13, 8;
    %pushi/vec4 1, 0, 1;
    %load/vec4 v0x55ef393bd460_0;
    %pad/u 8;
    %ix/vec4 3;
    %ix/load 4, 0, 0; Constant delay
    %assign/vec4/a/d v0x55ef393bded0, 0, 4;
    %pushi/vec4 0, 0, 1;
    %assign/vec4 v0x55ef393bd880_0, 0;
    %pushi/vec4 2, 0, 2;
    %assign/vec4 v0x55ef393bdb70_0, 0;
T_23.13 ;
    %jmp T_23.9;
T_23.7 ;
    %pushi/vec4 0, 0, 2;
    %assign/vec4 v0x55ef393bdb70_0, 0;
    %jmp T_23.9;
T_23.9 ;
    %pop/vec4 1;
T_23.1 ;
    %jmp T_23;
    .thread T_23;
    .scope S_0x55ef39399740;
T_24 ;
    %wait E_0x55ef392951d0;
    %load/vec4 v0x55ef393abc30_0;
    %cmpi/e 0, 0, 2;
    %flag_get/vec4 4;
    %jmp/0 T_24.4, 4;
    %load/vec4 v0x55ef393abad0_0;
    %and;
T_24.4;
    %flag_set/vec4 10;
    %flag_get/vec4 10;
    %jmp/0 T_24.3, 10;
    %load/vec4 v0x55ef393ac3e0_0;
    %and;
T_24.3;
    %flag_set/vec4 9;
    %flag_get/vec4 9;
    %jmp/0 T_24.2, 9;
    %load/vec4 v0x55ef393ab1d0_0;
    %and;
T_24.2;
    %flag_set/vec4 8;
    %jmp/0xz  T_24.0, 8;
    %load/vec4 v0x55ef393ac300_0;
    %load/vec4 v0x55ef393ab0f0_0;
    %pad/u 8;
    %ix/vec4 3;
    %ix/load 4, 0, 0; Constant delay
    %assign/vec4/a/d v0x55ef3939ad50, 0, 4;
    %jmp T_24.1;
T_24.0 ;
    %load/vec4 v0x55ef393abc30_0;
    %cmpi/e 1, 0, 2;
    %flag_get/vec4 4;
    %jmp/0 T_24.8, 4;
    %load/vec4 v0x55ef393ab290_0;
    %and;
T_24.8;
    %flag_set/vec4 9;
    %flag_get/vec4 9;
    %jmp/0 T_24.7, 9;
    %load/vec4 v0x55ef393ab5f0_0;
    %and;
T_24.7;
    %flag_set/vec4 8;
    %jmp/0xz  T_24.5, 8;
    %load/vec4 v0x55ef393abf20_0;
    %load/vec4 v0x55ef393ab0f0_0;
    %pad/u 8;
    %ix/vec4 3;
    %ix/load 4, 0, 0; Constant delay
    %assign/vec4/a/d v0x55ef393ac000, 0, 4;
    %load/vec4 v0x55ef393ac3e0_0;
    %flag_set/vec4 8;
    %jmp/0 T_24.9, 8;
    %load/vec4 v0x55ef393ac300_0;
    %jmp/1 T_24.10, 8;
T_24.9 ; End of true expr.
    %load/vec4 v0x55ef393ab510_0;
    %jmp/0 T_24.10, 8;
 ; End of false expr.
    %blend;
T_24.10;
    %load/vec4 v0x55ef393ab0f0_0;
    %pad/u 8;
    %ix/vec4 3;
    %ix/load 4, 0, 0; Constant delay
    %assign/vec4/a/d v0x55ef3939ad50, 0, 4;
T_24.5 ;
T_24.1 ;
    %jmp T_24;
    .thread T_24;
    .scope S_0x55ef39399740;
T_25 ;
    %wait E_0x55ef39294010;
    %load/vec4 v0x55ef393abb90_0;
    %nor/r;
    %flag_set/vec4 8;
    %jmp/0xz  T_25.0, 8;
    %pushi/vec4 0, 0, 2;
    %assign/vec4 v0x55ef393abc30_0, 0;
    %pushi/vec4 0, 0, 1;
    %assign/vec4 v0x55ef393ab6b0_0, 0;
    %pushi/vec4 0, 0, 1;
    %assign/vec4 v0x55ef393ab930_0, 0;
    %pushi/vec4 0, 0, 1;
    %assign/vec4 v0x55ef393ab290_0, 0;
    %pushi/vec4 0, 0, 10;
    %assign/vec4 v0x55ef393ab430_0, 0;
    %pushi/vec4 0, 0, 32;
    %assign/vec4 v0x55ef393ab850_0, 0;
    %pushi/vec4 0, 0, 32;
    %store/vec4 v0x55ef393ab010_0, 0, 32;
T_25.2 ; Top of for-loop
    %load/vec4 v0x55ef393ab010_0;
    %pad/s 38;
    %cmpi/s 64, 0, 38;
	  %jmp/0xz T_25.3, 5;
    %pushi/vec4 0, 0, 1;
    %ix/getv/s 3, v0x55ef393ab010_0;
    %ix/load 4, 0, 0; Constant delay
    %assign/vec4/a/d v0x55ef393ac1a0, 0, 4;
T_25.4 ; for-loop step statement
    %load/vec4 v0x55ef393ab010_0;
    %addi 1, 0, 32;
    %store/vec4 v0x55ef393ab010_0, 0, 32;
    %jmp T_25.2;
T_25.3 ; for-loop exit label
    %jmp T_25.1;
T_25.0 ;
    %load/vec4 v0x55ef393abc30_0;
    %dup/vec4;
    %pushi/vec4 0, 0, 2;
    %cmp/u;
    %jmp/1 T_25.5, 6;
    %dup/vec4;
    %pushi/vec4 1, 0, 2;
    %cmp/u;
    %jmp/1 T_25.6, 6;
    %dup/vec4;
    %pushi/vec4 2, 0, 2;
    %cmp/u;
    %jmp/1 T_25.7, 6;
    %pushi/vec4 0, 0, 2;
    %assign/vec4 v0x55ef393abc30_0, 0;
    %jmp T_25.9;
T_25.5 ;
    %pushi/vec4 0, 0, 1;
    %assign/vec4 v0x55ef393ab290_0, 0;
    %load/vec4 v0x55ef393abad0_0;
    %flag_set/vec4 9;
    %flag_get/vec4 9;
    %jmp/0 T_25.12, 9;
    %load/vec4 v0x55ef393ab1d0_0;
    %nor/r;
    %and;
T_25.12;
    %flag_set/vec4 8;
    %jmp/0xz  T_25.10, 8;
    %pushi/vec4 1, 0, 2;
    %assign/vec4 v0x55ef393abc30_0, 0;
    %pushi/vec4 1, 0, 1;
    %assign/vec4 v0x55ef393ab6b0_0, 0;
    %load/vec4 v0x55ef393ac3e0_0;
    %assign/vec4 v0x55ef393ab930_0, 0;
    %load/vec4 v0x55ef3939abd0_0;
    %parti/s 10, 2, 3;
    %assign/vec4 v0x55ef393ab430_0, 0;
    %load/vec4 v0x55ef393ac300_0;
    %assign/vec4 v0x55ef393ab850_0, 0;
    %jmp T_25.11;
T_25.10 ;
    %load/vec4 v0x55ef393abad0_0;
    %flag_set/vec4 10;
    %flag_get/vec4 10;
    %jmp/0 T_25.16, 10;
    %load/vec4 v0x55ef393ac3e0_0;
    %and;
T_25.16;
    %flag_set/vec4 9;
    %flag_get/vec4 9;
    %jmp/0 T_25.15, 9;
    %load/vec4 v0x55ef393ab1d0_0;
    %and;
T_25.15;
    %flag_set/vec4 8;
    %jmp/0xz  T_25.13, 8;
    %pushi/vec4 1, 0, 1;
    %assign/vec4 v0x55ef393ab6b0_0, 0;
    %pushi/vec4 1, 0, 1;
    %assign/vec4 v0x55ef393ab930_0, 0;
    %load/vec4 v0x55ef3939abd0_0;
    %parti/s 10, 2, 3;
    %assign/vec4 v0x55ef393ab430_0, 0;
    %load/vec4 v0x55ef393ac300_0;
    %assign/vec4 v0x55ef393ab850_0, 0;
    %jmp T_25.14;
T_25.13 ;
    %pushi/vec4 0, 0, 1;
    %assign/vec4 v0x55ef393ab6b0_0, 0;
    %pushi/vec4 0, 0, 1;
    %assign/vec4 v0x55ef393ab930_0, 0;
T_25.14 ;
T_25.11 ;
    %jmp T_25.9;
T_25.6 ;
    %load/vec4 v0x55ef393ab290_0;
    %nor/r;
    %flag_set/vec4 8;
    %jmp/0xz  T_25.17, 8;
    %pushi/vec4 1, 0, 1;
    %assign/vec4 v0x55ef393ab290_0, 0;
    %jmp T_25.18;
T_25.17 ;
    %load/vec4 v0x55ef393ab5f0_0;
    %flag_set/vec4 8;
    %jmp/0xz  T_25.19, 8;
    %pushi/vec4 1, 0, 1;
    %load/vec4 v0x55ef393ab0f0_0;
    %pad/u 8;
    %ix/vec4 3;
    %ix/load 4, 0, 0; Constant delay
    %assign/vec4/a/d v0x55ef393ac1a0, 0, 4;
    %pushi/vec4 0, 0, 1;
    %assign/vec4 v0x55ef393ab6b0_0, 0;
    %pushi/vec4 0, 0, 1;
    %assign/vec4 v0x55ef393ab930_0, 0;
    %pushi/vec4 2, 0, 2;
    %assign/vec4 v0x55ef393abc30_0, 0;
T_25.19 ;
T_25.18 ;
    %jmp T_25.9;
T_25.7 ;
    %pushi/vec4 0, 0, 2;
    %assign/vec4 v0x55ef393abc30_0, 0;
    %jmp T_25.9;
T_25.9 ;
    %pop/vec4 1;
T_25.1 ;
    %jmp T_25;
    .thread T_25;
    .scope S_0x55ef39396d40;
T_26 ;
    %wait E_0x55ef39294010;
    %load/vec4 v0x55ef39397be0_0;
    %nor/r;
    %flag_set/vec4 8;
    %jmp/0xz  T_26.0, 8;
    %pushi/vec4 0, 0, 4;
    %assign/vec4 v0x55ef39397e30_0, 0;
    %jmp T_26.1;
T_26.0 ;
    %load/vec4 v0x55ef39397d70_0;
    %flag_set/vec4 9;
    %flag_get/vec4 9;
    %jmp/0 T_26.4, 9;
    %load/vec4 v0x55ef39397820_0;
    %nor/r;
    %and;
T_26.4;
    %flag_set/vec4 8;
    %jmp/0xz  T_26.2, 8;
    %load/vec4 v0x55ef39397cb0_0;
    %load/vec4 v0x55ef39397e30_0;
    %parti/s 3, 0, 2;
    %pad/u 5;
    %ix/vec4 3;
    %ix/load 4, 0, 0; Constant delay
    %assign/vec4/a/d v0x55ef393978e0, 0, 4;
    %load/vec4 v0x55ef39397e30_0;
    %addi 1, 0, 4;
    %assign/vec4 v0x55ef39397e30_0, 0;
T_26.2 ;
T_26.1 ;
    %jmp T_26;
    .thread T_26;
    .scope S_0x55ef39396d40;
T_27 ;
    %wait E_0x55ef39294010;
    %load/vec4 v0x55ef39397be0_0;
    %nor/r;
    %flag_set/vec4 8;
    %jmp/0xz  T_27.0, 8;
    %pushi/vec4 0, 0, 4;
    %assign/vec4 v0x55ef39397b00_0, 0;
    %pushi/vec4 0, 0, 8;
    %assign/vec4 v0x55ef393979a0_0, 0;
    %jmp T_27.1;
T_27.0 ;
    %load/vec4 v0x55ef39397a60_0;
    %flag_set/vec4 9;
    %flag_get/vec4 9;
    %jmp/0 T_27.4, 9;
    %load/vec4 v0x55ef39397760_0;
    %nor/r;
    %and;
T_27.4;
    %flag_set/vec4 8;
    %jmp/0xz  T_27.2, 8;
    %load/vec4 v0x55ef39397b00_0;
    %parti/s 3, 0, 2;
    %pad/u 5;
    %ix/vec4 4;
    %load/vec4a v0x55ef393978e0, 4;
    %assign/vec4 v0x55ef393979a0_0, 0;
    %load/vec4 v0x55ef39397b00_0;
    %addi 1, 0, 4;
    %assign/vec4 v0x55ef39397b00_0, 0;
T_27.2 ;
T_27.1 ;
    %jmp T_27;
    .thread T_27;
    .scope S_0x55ef392afe80;
T_28 ;
    %wait E_0x55ef39294010;
    %load/vec4 v0x55ef393962c0_0;
    %nor/r;
    %flag_set/vec4 8;
    %jmp/0xz  T_28.0, 8;
    %pushi/vec4 0, 0, 2;
    %assign/vec4 v0x55ef39396900_0, 0;
    %pushi/vec4 0, 0, 2;
    %assign/vec4 v0x55ef39395bc0_0, 0;
    %pushi/vec4 0, 0, 4;
    %assign/vec4 v0x55ef39395fa0_0, 0;
    %pushi/vec4 0, 0, 1;
    %assign/vec4 v0x55ef393966c0_0, 0;
    %pushi/vec4 0, 0, 1;
    %assign/vec4 v0x55ef39396200_0, 0;
    %pushi/vec4 1, 0, 1;
    %assign/vec4 v0x55ef39395ee0_0, 0;
    %pushi/vec4 0, 0, 1;
    %assign/vec4 v0x55ef39395a80_0, 0;
    %pushi/vec4 0, 0, 1;
    %assign/vec4 v0x55ef39396540_0, 0;
    %pushi/vec4 0, 0, 8;
    %assign/vec4 v0x55ef39396380_0, 0;
    %pushi/vec4 0, 0, 8;
    %assign/vec4 v0x55ef39396460_0, 0;
    %pushi/vec4 0, 0, 8;
    %assign/vec4 v0x55ef39396ac0_0, 0;
    %jmp T_28.1;
T_28.0 ;
    %pushi/vec4 0, 0, 1;
    %assign/vec4 v0x55ef39396540_0, 0;
    %load/vec4 v0x55ef39396900_0;
    %dup/vec4;
    %pushi/vec4 0, 0, 2;
    %cmp/u;
    %jmp/1 T_28.2, 6;
    %dup/vec4;
    %pushi/vec4 1, 0, 2;
    %cmp/u;
    %jmp/1 T_28.3, 6;
    %dup/vec4;
    %pushi/vec4 2, 0, 2;
    %cmp/u;
    %jmp/1 T_28.4, 6;
    %pushi/vec4 0, 0, 2;
    %assign/vec4 v0x55ef39396900_0, 0;
    %jmp T_28.6;
T_28.2 ;
    %load/vec4 v0x55ef39395e20_0;
    %assign/vec4 v0x55ef393966c0_0, 0;
    %pushi/vec4 1, 0, 1;
    %assign/vec4 v0x55ef39395ee0_0, 0;
    %pushi/vec4 0, 0, 1;
    %assign/vec4 v0x55ef39395a80_0, 0;
    %pushi/vec4 0, 0, 2;
    %assign/vec4 v0x55ef39395bc0_0, 0;
    %pushi/vec4 0, 0, 4;
    %assign/vec4 v0x55ef39395fa0_0, 0;
    %load/vec4 v0x55ef39396840_0;
    %flag_set/vec4 8;
    %jmp/0xz  T_28.7, 8;
    %pushi/vec4 1, 0, 2;
    %assign/vec4 v0x55ef39396900_0, 0;
    %pushi/vec4 1, 0, 1;
    %assign/vec4 v0x55ef39395a80_0, 0;
    %pushi/vec4 0, 0, 1;
    %assign/vec4 v0x55ef39395ee0_0, 0;
    %load/vec4 v0x55ef393969e0_0;
    %assign/vec4 v0x55ef39396ac0_0, 0;
    %load/vec4 v0x55ef39395d60_0;
    %cmpi/e 0, 0, 1;
    %jmp/0xz  T_28.9, 4;
    %load/vec4 v0x55ef393969e0_0;
    %parti/s 1, 7, 4;
    %assign/vec4 v0x55ef39396200_0, 0;
    %load/vec4 v0x55ef393969e0_0;
    %parti/s 7, 0, 2;
    %concati/vec4 0, 0, 1;
    %assign/vec4 v0x55ef39396ac0_0, 0;
T_28.9 ;
T_28.7 ;
    %jmp T_28.6;
T_28.3 ;
    %load/vec4 v0x55ef39395ca0_0;
    %flag_set/vec4 8;
    %jmp/0xz  T_28.11, 8;
    %load/vec4 v0x55ef393966c0_0;
    %inv;
    %assign/vec4 v0x55ef393966c0_0, 0;
    %pushi/vec4 0, 0, 2;
    %assign/vec4 v0x55ef39395bc0_0, 0;
    %load/vec4 v0x55ef39395fa0_0;
    %addi 1, 0, 4;
    %assign/vec4 v0x55ef39395fa0_0, 0;
    %load/vec4 v0x55ef39396600_0;
    %flag_set/vec4 8;
    %jmp/0xz  T_28.13, 8;
    %load/vec4 v0x55ef39396460_0;
    %parti/s 7, 0, 2;
    %load/vec4 v0x55ef39396140_0;
    %concat/vec4; draw_concat_vec4
    %assign/vec4 v0x55ef39396460_0, 0;
T_28.13 ;
    %load/vec4 v0x55ef39396780_0;
    %flag_set/vec4 8;
    %jmp/0xz  T_28.15, 8;
    %load/vec4 v0x55ef39396ac0_0;
    %parti/s 1, 7, 4;
    %assign/vec4 v0x55ef39396200_0, 0;
    %load/vec4 v0x55ef39396ac0_0;
    %parti/s 7, 0, 2;
    %concati/vec4 0, 0, 1;
    %assign/vec4 v0x55ef39396ac0_0, 0;
T_28.15 ;
    %load/vec4 v0x55ef39396080_0;
    %flag_set/vec4 8;
    %jmp/0xz  T_28.17, 8;
    %pushi/vec4 2, 0, 2;
    %assign/vec4 v0x55ef39396900_0, 0;
T_28.17 ;
    %jmp T_28.12;
T_28.11 ;
    %load/vec4 v0x55ef39395bc0_0;
    %addi 1, 0, 2;
    %assign/vec4 v0x55ef39395bc0_0, 0;
T_28.12 ;
    %jmp T_28.6;
T_28.4 ;
    %load/vec4 v0x55ef39395ca0_0;
    %flag_set/vec4 8;
    %jmp/0xz  T_28.19, 8;
    %pushi/vec4 0, 0, 2;
    %assign/vec4 v0x55ef39396900_0, 0;
    %load/vec4 v0x55ef39395e20_0;
    %assign/vec4 v0x55ef393966c0_0, 0;
    %pushi/vec4 1, 0, 1;
    %assign/vec4 v0x55ef39395ee0_0, 0;
    %pushi/vec4 1, 0, 1;
    %assign/vec4 v0x55ef39396540_0, 0;
    %load/vec4 v0x55ef39396460_0;
    %assign/vec4 v0x55ef39396380_0, 0;
    %pushi/vec4 0, 0, 1;
    %assign/vec4 v0x55ef39395a80_0, 0;
    %jmp T_28.20;
T_28.19 ;
    %load/vec4 v0x55ef39395bc0_0;
    %addi 1, 0, 2;
    %assign/vec4 v0x55ef39395bc0_0, 0;
T_28.20 ;
    %jmp T_28.6;
T_28.6 ;
    %pop/vec4 1;
T_28.1 ;
    %jmp T_28;
    .thread T_28;
    .scope S_0x55ef3926e0a0;
T_29 ;
    %wait E_0x55ef39294010;
    %load/vec4 v0x55ef39399110_0;
    %nor/r;
    %flag_set/vec4 8;
    %jmp/0xz  T_29.0, 8;
    %pushi/vec4 0, 0, 1;
    %assign/vec4 v0x55ef39398c20_0, 0;
    %pushi/vec4 0, 0, 1;
    %assign/vec4 v0x55ef393987a0_0, 0;
    %jmp T_29.1;
T_29.0 ;
    %load/vec4 v0x55ef39399070_0;
    %assign/vec4 v0x55ef39398c20_0, 0;
    %load/vec4 v0x55ef39398c20_0;
    %assign/vec4 v0x55ef393987a0_0, 0;
T_29.1 ;
    %jmp T_29;
    .thread T_29;
    .scope S_0x55ef3931b380;
T_30 ;
    %wait E_0x55ef39294010;
    %load/vec4 v0x55ef393ca080_0;
    %nor/r;
    %flag_set/vec4 8;
    %jmp/0xz  T_30.0, 8;
    %pushi/vec4 0, 0, 1;
    %assign/vec4 v0x55ef393ca2b0_0, 0;
    %pushi/vec4 0, 0, 1;
    %assign/vec4 v0x55ef393ca1c0_0, 0;
    %jmp T_30.1;
T_30.0 ;
    %load/vec4 v0x55ef393c99a0_0;
    %flag_set/vec4 10;
    %flag_get/vec4 10;
    %jmp/0 T_30.5, 10;
    %load/vec4 v0x55ef393c9ae0_0;
    %and;
T_30.5;
    %flag_set/vec4 9;
    %flag_get/vec4 9;
    %jmp/0 T_30.4, 9;
    %load/vec4 v0x55ef393c97c0_0;
    %pushi/vec4 2147483652, 0, 32;
    %cmp/e;
    %flag_get/vec4 4;
    %and;
T_30.4;
    %flag_set/vec4 8;
    %jmp/0xz  T_30.2, 8;
    %load/vec4 v0x55ef393c9a40_0;
    %parti/s 1, 0, 2;
    %assign/vec4 v0x55ef393ca1c0_0, 0;
    %load/vec4 v0x55ef393c9a40_0;
    %parti/s 1, 1, 2;
    %assign/vec4 v0x55ef393ca2b0_0, 0;
T_30.2 ;
T_30.1 ;
    %jmp T_30;
    .thread T_30;
    .scope S_0x55ef39375160;
T_31 ;
    %vpi_func 2 38 "$fopen" 32, "RV32I/results.txt", "w" {0 0 0};
    %store/vec4 v0x55ef393cc0b0_0, 0, 32;
    %load/vec4 v0x55ef393cc0b0_0;
    %nor/r;
    %flag_set/vec4 8;
    %jmp/0xz  T_31.0, 8;
    %vpi_call 2 40 "$display", "[ERROR] Could not open results.txt for writing." {0 0 0};
T_31.0 ;
    %end;
    .thread T_31;
    .scope S_0x55ef39375160;
T_32 ;
    %pushi/vec4 0, 0, 1;
    %store/vec4 v0x55ef393cba60_0, 0, 1;
T_32.0 ;
    %delay 5000, 0;
    %load/vec4 v0x55ef393cba60_0;
    %inv;
    %store/vec4 v0x55ef393cba60_0, 0, 1;
    %jmp T_32.0;
T_32.1 ;
    %end;
    .thread T_32;
    .scope S_0x55ef39375160;
T_33 ;
    %pushi/vec4 0, 0, 1;
    %store/vec4 v0x55ef393cc190_0, 0, 1;
    %pushi/vec4 0, 0, 1;
    %store/vec4 v0x55ef393cc2d0_0, 0, 1;
    %delay 20000, 0;
    %pushi/vec4 1, 0, 1;
    %store/vec4 v0x55ef393cc190_0, 0, 1;
    %end;
    .thread T_33;
    .scope S_0x55ef39375160;
T_34 ;
    %vpi_call 2 56 "$dumpfile", "RV32I/dump_risc.vcd" {0 0 0};
    %vpi_call 2 57 "$dumpvars", 32'sb00000000000000000000000000000000, S_0x55ef39375160 {0 0 0};
    %delay 50000000, 0;
    %vpi_call 2 60 "$display", "[FATAL] Simulation Timeout. Check for infinite loops or stalled FSMs." {0 0 0};
    %load/vec4 v0x55ef393cc0b0_0;
    %cmpi/ne 0, 0, 32;
    %jmp/0xz  T_34.0, 4;
    %vpi_call 2 62 "$fdisplay", v0x55ef393cc0b0_0, "[FATAL] Simulation Timeout. Check for infinite loops or stalled FSMs." {0 0 0};
    %vpi_call 2 63 "$fclose", v0x55ef393cc0b0_0 {0 0 0};
T_34.0 ;
    %vpi_call 2 65 "$finish" {0 0 0};
    %end;
    .thread T_34;
    .scope S_0x55ef39375160;
T_35 ;
    %pushi/vec4 0, 0, 32;
    %store/vec4 v0x55ef393cbfd0_0, 0, 32;
T_35.0 ; Top of for-loop
    %load/vec4 v0x55ef393cbfd0_0;
    %cmpi/s 32, 0, 32;
	  %jmp/0xz T_35.1, 5;
    %pushi/vec4 0, 0, 32;
    %ix/getv/s 4, v0x55ef393cbfd0_0;
    %store/vec4a v0x55ef393cbcd0, 4, 0;
    %pushi/vec4 0, 0, 1;
    %ix/getv/s 4, v0x55ef393cbfd0_0;
    %store/vec4a v0x55ef393cb9c0, 4, 0;
T_35.2 ; for-loop step statement
    %load/vec4 v0x55ef393cbfd0_0;
    %addi 1, 0, 32;
    %store/vec4 v0x55ef393cbfd0_0, 0, 32;
    %jmp T_35.0;
T_35.1 ; for-loop exit label
    %pushi/vec4 15, 0, 32;
    %ix/load 4, 1, 0;
    %flag_set/imm 4, 0;
    %store/vec4a v0x55ef393cbcd0, 4, 0;
    %pushi/vec4 25, 0, 32;
    %ix/load 4, 2, 0;
    %flag_set/imm 4, 0;
    %store/vec4a v0x55ef393cbcd0, 4, 0;
    %pushi/vec4 40, 0, 32;
    %ix/load 4, 3, 0;
    %flag_set/imm 4, 0;
    %store/vec4a v0x55ef393cbcd0, 4, 0;
    %pushi/vec4 10, 0, 32;
    %ix/load 4, 4, 0;
    %flag_set/imm 4, 0;
    %store/vec4a v0x55ef393cbcd0, 4, 0;
    %pushi/vec4 22, 0, 32;
    %ix/load 4, 5, 0;
    %flag_set/imm 4, 0;
    %store/vec4a v0x55ef393cbcd0, 4, 0;
    %pushi/vec4 9, 0, 32;
    %ix/load 4, 6, 0;
    %flag_set/imm 4, 0;
    %store/vec4a v0x55ef393cbcd0, 4, 0;
    %pushi/vec4 31, 0, 32;
    %ix/load 4, 7, 0;
    %flag_set/imm 4, 0;
    %store/vec4a v0x55ef393cbcd0, 4, 0;
    %pushi/vec4 1, 0, 32;
    %ix/load 4, 8, 0;
    %flag_set/imm 4, 0;
    %store/vec4a v0x55ef393cbcd0, 4, 0;
    %pushi/vec4 0, 0, 32;
    %ix/load 4, 9, 0;
    %flag_set/imm 4, 0;
    %store/vec4a v0x55ef393cbcd0, 4, 0;
    %pushi/vec4 39, 0, 32;
    %ix/load 4, 10, 0;
    %flag_set/imm 4, 0;
    %store/vec4a v0x55ef393cbcd0, 4, 0;
    %pushi/vec4 64, 0, 32;
    %ix/load 4, 11, 0;
    %flag_set/imm 4, 0;
    %store/vec4a v0x55ef393cbcd0, 4, 0;
    %pushi/vec4 291, 0, 32;
    %ix/load 4, 12, 0;
    %flag_set/imm 4, 0;
    %store/vec4a v0x55ef393cbcd0, 4, 0;
    %pushi/vec4 291, 0, 32;
    %ix/load 4, 13, 0;
    %flag_set/imm 4, 0;
    %store/vec4a v0x55ef393cbcd0, 4, 0;
    %pushi/vec4 40, 0, 32;
    %ix/load 4, 14, 0;
    %flag_set/imm 4, 0;
    %store/vec4a v0x55ef393cbcd0, 4, 0;
    %pushi/vec4 331, 0, 32;
    %ix/load 4, 15, 0;
    %flag_set/imm 4, 0;
    %store/vec4a v0x55ef393cbcd0, 4, 0;
    %pushi/vec4 144, 0, 32;
    %ix/load 4, 16, 0;
    %flag_set/imm 4, 0;
    %store/vec4a v0x55ef393cbcd0, 4, 0;
    %pushi/vec4 233, 0, 32;
    %ix/load 4, 17, 0;
    %flag_set/imm 4, 0;
    %store/vec4a v0x55ef393cbcd0, 4, 0;
    %pushi/vec4 14, 0, 32;
    %ix/load 4, 18, 0;
    %flag_set/imm 4, 0;
    %store/vec4a v0x55ef393cbcd0, 4, 0;
    %pushi/vec4 14, 0, 32;
    %ix/load 4, 19, 0;
    %flag_set/imm 4, 0;
    %store/vec4a v0x55ef393cbcd0, 4, 0;
    %pushi/vec4 609, 0, 32;
    %ix/load 4, 20, 0;
    %flag_set/imm 4, 0;
    %store/vec4a v0x55ef393cbcd0, 4, 0;
    %pushi/vec4 21, 0, 32;
    %ix/load 4, 21, 0;
    %flag_set/imm 4, 0;
    %store/vec4a v0x55ef393cbcd0, 4, 0;
    %pushi/vec4 21, 0, 32;
    %ix/load 4, 22, 0;
    %flag_set/imm 4, 0;
    %store/vec4a v0x55ef393cbcd0, 4, 0;
    %pushi/vec4 6, 0, 32;
    %ix/load 4, 23, 0;
    %flag_set/imm 4, 0;
    %store/vec4a v0x55ef393cbcd0, 4, 0;
    %pushi/vec4 21, 0, 32;
    %ix/load 4, 24, 0;
    %flag_set/imm 4, 0;
    %store/vec4a v0x55ef393cbcd0, 4, 0;
    %pushi/vec4 27, 0, 32;
    %ix/load 4, 25, 0;
    %flag_set/imm 4, 0;
    %store/vec4a v0x55ef393cbcd0, 4, 0;
    %pushi/vec4 205, 0, 32;
    %ix/load 4, 26, 0;
    %flag_set/imm 4, 0;
    %store/vec4a v0x55ef393cbcd0, 4, 0;
    %pushi/vec4 305419896, 0, 32;
    %ix/load 4, 27, 0;
    %flag_set/imm 4, 0;
    %store/vec4a v0x55ef393cbcd0, 4, 0;
    %pushi/vec4 1431655765, 0, 32;
    %ix/load 4, 28, 0;
    %flag_set/imm 4, 0;
    %store/vec4a v0x55ef393cbcd0, 4, 0;
    %pushi/vec4 1197540141, 0, 32;
    %ix/load 4, 29, 0;
    %flag_set/imm 4, 0;
    %store/vec4a v0x55ef393cbcd0, 4, 0;
    %pushi/vec4 500, 0, 32;
    %ix/load 4, 30, 0;
    %flag_set/imm 4, 0;
    %store/vec4a v0x55ef393cbcd0, 4, 0;
    %pushi/vec4 2934618826, 0, 32;
    %ix/load 4, 31, 0;
    %flag_set/imm 4, 0;
    %store/vec4a v0x55ef393cbcd0, 4, 0;
    %pushi/vec4 0, 0, 32;
    %store/vec4 v0x55ef393cbc30_0, 0, 32;
    %end;
    .thread T_35;
    .scope S_0x55ef39375160;
T_36 ;
    %wait E_0x55ef392951d0;
    %load/vec4 v0x55ef393cc190_0;
    %flag_set/vec4 10;
    %flag_get/vec4 10;
    %jmp/0 T_36.3, 10;
    %load/vec4 v0x55ef393cc670_0;
    %and;
T_36.3;
    %flag_set/vec4 9;
    %flag_get/vec4 9;
    %jmp/0 T_36.2, 9;
    %load/vec4 v0x55ef393cc4b0_0;
    %pushi/vec4 0, 0, 5;
    %cmp/ne;
    %flag_get/vec4 4;
    %and;
T_36.2;
    %flag_set/vec4 8;
    %jmp/0xz  T_36.0, 8;
    %vpi_call 2 119 "$display", "[WB] t=%0t  x%0d <= 0x%h", $time, v0x55ef393cc4b0_0, v0x55ef393cc590_0 {0 0 0};
    %load/vec4 v0x55ef393cc0b0_0;
    %cmpi/ne 0, 0, 32;
    %jmp/0xz  T_36.4, 4;
    %vpi_call 2 120 "$fdisplay", v0x55ef393cc0b0_0, "[WB] t=%0t  x%0d <= 0x%h", $time, v0x55ef393cc4b0_0, v0x55ef393cc590_0 {0 0 0};
T_36.4 ;
T_36.0 ;
    %jmp T_36;
    .thread T_36;
    .scope S_0x55ef39375160;
T_37 ;
    %wait E_0x55ef39294010;
    %load/vec4 v0x55ef393cc190_0;
    %nor/r;
    %flag_set/vec4 8;
    %jmp/0xz  T_37.0, 8;
    %pushi/vec4 0, 0, 32;
    %assign/vec4 v0x55ef393cbb90_0, 0;
    %pushi/vec4 0, 0, 32;
    %assign/vec4 v0x55ef393cbef0_0, 0;
    %pushi/vec4 0, 0, 32;
    %assign/vec4 v0x55ef393cb920_0, 0;
    %pushi/vec4 0, 0, 32;
    %assign/vec4 v0x55ef393cb790_0, 0;
    %pushi/vec4 0, 0, 1;
    %assign/vec4 v0x55ef393cbe30_0, 0;
    %jmp T_37.1;
T_37.0 ;
    %load/vec4 v0x55ef393cbb90_0;
    %addi 1, 0, 32;
    %assign/vec4 v0x55ef393cbb90_0, 0;
    %load/vec4 v0x55ef393cb880_0;
    %flag_set/vec4 8;
    %jmp/0xz  T_37.2, 8;
    %load/vec4 v0x55ef393cb920_0;
    %addi 1, 0, 32;
    %assign/vec4 v0x55ef393cb920_0, 0;
T_37.2 ;
    %load/vec4 v0x55ef393cb6f0_0;
    %flag_set/vec4 8;
    %jmp/0xz  T_37.4, 8;
    %load/vec4 v0x55ef393cb790_0;
    %addi 1, 0, 32;
    %assign/vec4 v0x55ef393cb790_0, 0;
T_37.4 ;
    %load/vec4 v0x55ef393cbd70_0;
    %flag_set/vec4 8;
    %jmp/0xz  T_37.6, 8;
    %load/vec4 v0x55ef393cbef0_0;
    %addi 1, 0, 32;
    %assign/vec4 v0x55ef393cbef0_0, 0;
T_37.6 ;
    %load/vec4 v0x55ef393c5a90_0;
    %flag_set/vec4 8;
    %jmp/0xz  T_37.8, 8;
    %pushi/vec4 0, 0, 1;
    %assign/vec4 v0x55ef393cbe30_0, 0;
    %jmp T_37.9;
T_37.8 ;
    %load/vec4 v0x55ef393cae40_0;
    %nor/r;
    %flag_set/vec4 8;
    %jmp/0xz  T_37.10, 8;
    %pushi/vec4 1, 0, 1;
    %assign/vec4 v0x55ef393cbe30_0, 0;
T_37.10 ;
T_37.9 ;
T_37.1 ;
    %jmp T_37;
    .thread T_37;
    .scope S_0x55ef39375160;
T_38 ;
    %wait E_0x55ef39293bc0;
    %vpi_call 2 160 "$display", "=====================================================" {0 0 0};
    %vpi_call 2 161 "$display", "  Starting RV32I Pipeline Self-Checking Verification" {0 0 0};
    %vpi_call 2 162 "$display", "=====================================================" {0 0 0};
    %load/vec4 v0x55ef393cc0b0_0;
    %cmpi/ne 0, 0, 32;
    %jmp/0xz  T_38.0, 4;
    %vpi_call 2 164 "$fdisplay", v0x55ef393cc0b0_0, "=====================================================" {0 0 0};
    %vpi_call 2 165 "$fdisplay", v0x55ef393cc0b0_0, "  Starting RV32I Pipeline Self-Checking Verification" {0 0 0};
    %vpi_call 2 166 "$fdisplay", v0x55ef393cc0b0_0, "=====================================================" {0 0 0};
T_38.0 ;
    %fork TD_tb_risc.wait_for_completion, S_0x55ef393cb290;
    %join;
    %pushi/vec4 10, 0, 32;
T_38.2 %dup/vec4;
    %cmpi/s 0, 0, 32;
    %jmp/1xz T_38.3, 5;
    %jmp/1 T_38.3, 4;
    %subi 1, 0, 32;
    %wait E_0x55ef392951d0;
    %jmp T_38.2;
T_38.3 ;
    %pop/vec4 1;
    %vpi_call 2 173 "$display", "-----------------------------------------------------" {0 0 0};
    %vpi_call 2 174 "$display", "  Architectural State Check (Final Register Values)" {0 0 0};
    %vpi_call 2 175 "$display", "-----------------------------------------------------" {0 0 0};
    %load/vec4 v0x55ef393cc0b0_0;
    %cmpi/ne 0, 0, 32;
    %jmp/0xz  T_38.4, 4;
    %vpi_call 2 177 "$fdisplay", v0x55ef393cc0b0_0, "-----------------------------------------------------" {0 0 0};
    %vpi_call 2 178 "$fdisplay", v0x55ef393cc0b0_0, "  Architectural State Check (Final Register Values)" {0 0 0};
    %vpi_call 2 179 "$fdisplay", v0x55ef393cc0b0_0, "-----------------------------------------------------" {0 0 0};
T_38.4 ;
    %pushi/vec4 1, 0, 32;
    %store/vec4 v0x55ef393cbfd0_0, 0, 32;
T_38.6 ; Top of for-loop
    %load/vec4 v0x55ef393cbfd0_0;
    %cmpi/s 32, 0, 32;
	  %jmp/0xz T_38.7, 5;
    %load/vec4 v0x55ef393cbfd0_0;
    %store/vec4 v0x55ef39372470_0, 0, 32;
    %fork TD_tb_risc.check_register, S_0x55ef3931ac00;
    %join;
T_38.8 ; for-loop step statement
    %load/vec4 v0x55ef393cbfd0_0;
    %addi 1, 0, 32;
    %store/vec4 v0x55ef393cbfd0_0, 0, 32;
    %jmp T_38.6;
T_38.7 ; for-loop exit label
    %vpi_call 2 186 "$display", "-----------------------------------------------------" {0 0 0};
    %vpi_call 2 187 "$display", "  Performance Summary" {0 0 0};
    %vpi_call 2 188 "$display", "-----------------------------------------------------" {0 0 0};
    %vpi_call 2 189 "$display", "  Total Cycles              : %0d", v0x55ef393cbb90_0 {0 0 0};
    %vpi_call 2 190 "$display", "  Instructions Retired      : %0d", v0x55ef393cbef0_0 {0 0 0};
    %load/vec4 v0x55ef393cc0b0_0;
    %cmpi/ne 0, 0, 32;
    %jmp/0xz  T_38.9, 4;
    %vpi_call 2 192 "$fdisplay", v0x55ef393cc0b0_0, "-----------------------------------------------------" {0 0 0};
    %vpi_call 2 193 "$fdisplay", v0x55ef393cc0b0_0, "  Performance Summary" {0 0 0};
    %vpi_call 2 194 "$fdisplay", v0x55ef393cc0b0_0, "-----------------------------------------------------" {0 0 0};
    %vpi_call 2 195 "$fdisplay", v0x55ef393cc0b0_0, "  Total Cycles              : %0d", v0x55ef393cbb90_0 {0 0 0};
    %vpi_call 2 196 "$fdisplay", v0x55ef393cc0b0_0, "  Instructions Retired      : %0d", v0x55ef393cbef0_0 {0 0 0};
T_38.9 ;
    %load/vec4 v0x55ef393cbb90_0;
    %cmpi/s 0, 0, 32;
    %flag_or 5, 4; GT is !LE
    %flag_inv 5;
    %jmp/0xz  T_38.11, 5;
    %load/vec4 v0x55ef393cbef0_0;
    %muli 1000, 0, 32;
    %load/vec4 v0x55ef393cbb90_0;
    %div/s;
    %vpi_call 2 200 "$display", "  IPC                       : %0d (x1000)", S<0,vec4,s32> {1 0 0};
    %load/vec4 v0x55ef393cc0b0_0;
    %cmpi/ne 0, 0, 32;
    %jmp/0xz  T_38.13, 4;
    %load/vec4 v0x55ef393cbef0_0;
    %muli 1000, 0, 32;
    %load/vec4 v0x55ef393cbb90_0;
    %div/s;
    %vpi_call 2 202 "$fdisplay", v0x55ef393cc0b0_0, "  IPC                       : %0d (x1000)", S<0,vec4,s32> {1 0 0};
T_38.13 ;
T_38.11 ;
    %vpi_call 2 209 "$display", "  Branches Resolved         : %0d", v0x55ef393cb920_0 {0 0 0};
    %vpi_call 2 210 "$display", "  Branch Mispredicts        : %0d", v0x55ef393cb790_0 {0 0 0};
    %load/vec4 v0x55ef393cc0b0_0;
    %cmpi/ne 0, 0, 32;
    %jmp/0xz  T_38.15, 4;
    %vpi_call 2 212 "$fdisplay", v0x55ef393cc0b0_0, "  Branches Resolved         : %0d", v0x55ef393cb920_0 {0 0 0};
    %vpi_call 2 213 "$fdisplay", v0x55ef393cc0b0_0, "  Branch Mispredicts        : %0d", v0x55ef393cb790_0 {0 0 0};
T_38.15 ;
    %load/vec4 v0x55ef393cb920_0;
    %cmpi/s 0, 0, 32;
    %flag_or 5, 4; GT is !LE
    %flag_inv 5;
    %jmp/0xz  T_38.17, 5;
    %load/vec4 v0x55ef393cb920_0;
    %load/vec4 v0x55ef393cb790_0;
    %sub;
    %muli 100, 0, 32;
    %load/vec4 v0x55ef393cb920_0;
    %div/s;
    %vpi_call 2 217 "$display", "  Branch Predictor Accuracy : %0d%%", S<0,vec4,s32> {1 0 0};
    %load/vec4 v0x55ef393cc0b0_0;
    %cmpi/ne 0, 0, 32;
    %jmp/0xz  T_38.19, 4;
    %load/vec4 v0x55ef393cb920_0;
    %load/vec4 v0x55ef393cb790_0;
    %sub;
    %muli 100, 0, 32;
    %load/vec4 v0x55ef393cb920_0;
    %div/s;
    %vpi_call 2 220 "$fdisplay", v0x55ef393cc0b0_0, "  Branch Predictor Accuracy : %0d%%", S<0,vec4,s32> {1 0 0};
T_38.19 ;
T_38.17 ;
    %vpi_call 2 225 "$display", "-----------------------------------------------------" {0 0 0};
    %load/vec4 v0x55ef393cc0b0_0;
    %cmpi/ne 0, 0, 32;
    %jmp/0xz  T_38.21, 4;
    %vpi_call 2 226 "$fdisplay", v0x55ef393cc0b0_0, "-----------------------------------------------------" {0 0 0};
T_38.21 ;
    %load/vec4 v0x55ef393cbc30_0;
    %cmpi/e 0, 0, 32;
    %jmp/0xz  T_38.23, 4;
    %vpi_call 2 229 "$display", "  [SUCCESS] ALL CHECKS PASSED! 0 ERRORS." {0 0 0};
    %load/vec4 v0x55ef393cc0b0_0;
    %cmpi/ne 0, 0, 32;
    %jmp/0xz  T_38.25, 4;
    %vpi_call 2 230 "$fdisplay", v0x55ef393cc0b0_0, "  [SUCCESS] ALL CHECKS PASSED! 0 ERRORS." {0 0 0};
T_38.25 ;
    %jmp T_38.24;
T_38.23 ;
    %vpi_call 2 232 "$display", "  [FAILURE] TEST SUITE FAILED WITH %0d ERRORS.", v0x55ef393cbc30_0 {0 0 0};
    %load/vec4 v0x55ef393cc0b0_0;
    %cmpi/ne 0, 0, 32;
    %jmp/0xz  T_38.27, 4;
    %vpi_call 2 233 "$fdisplay", v0x55ef393cc0b0_0, "  [FAILURE] TEST SUITE FAILED WITH %0d ERRORS.", v0x55ef393cbc30_0 {0 0 0};
T_38.27 ;
T_38.24 ;
    %vpi_call 2 236 "$display", "=====================================================" {0 0 0};
    %load/vec4 v0x55ef393cc0b0_0;
    %cmpi/ne 0, 0, 32;
    %jmp/0xz  T_38.29, 4;
    %vpi_call 2 238 "$fdisplay", v0x55ef393cc0b0_0, "=====================================================" {0 0 0};
    %vpi_call 2 239 "$fclose", v0x55ef393cc0b0_0 {0 0 0};
T_38.29 ;
    %vpi_call 2 242 "$finish" {0 0 0};
    %end;
    .thread T_38;
# The file index is used to find the file name in the following table.
:file_names 17;
    "N/A";
    "<interactive>";
    "RV32I/test_risc.v";
    "RV32I/src/system.v";
    "SPI/src/top.v";
    "SPI/src/core.v";
    "SPI/src/fifo.v";
    "RV32I/src/dcache.v";
    "RV32I/src/decode.v";
    "RV32I/src/execute.v";
    "RV32I/src/fetch.v";
    "RV32I/src/hazard.v";
    "RV32I/src/icache.v";
    "RV32I/src/memory.v";
    "RV32I/src/ram.v";
    "RV32I/src/regfile.v";
    "RV32I/src/writeback.v";
